"ImageId","Label"
1,"3"
2,"5"
3,"9"
4,"7"
5,"6"
6,"3"
7,"1"
8,"1"
9,"4"
10,"0"
11,"1"
12,"6"
13,"6"
14,"5"
15,"8"
16,"2"
17,"9"
18,"3"
19,"0"
20,"2"
21,"7"
22,"7"
23,"6"
24,"6"
25,"4"
26,"0"
27,"1"
28,"0"
29,"8"
30,"6"
31,"5"
32,"8"
33,"1"
34,"5"
35,"0"
36,"3"
37,"0"
38,"1"
39,"6"
40,"3"
41,"6"
42,"3"
43,"2"
44,"2"
45,"5"
46,"5"
47,"2"
48,"3"
49,"0"
50,"0"
51,"8"
52,"2"
53,"4"
54,"8"
55,"5"
56,"7"
57,"9"
58,"2"
59,"7"
60,"4"
61,"1"
62,"1"
63,"9"
64,"5"
65,"4"
66,"6"
67,"2"
68,"2"
69,"4"
70,"0"
71,"1"
72,"6"
73,"5"
74,"5"
75,"7"
76,"6"
77,"6"
78,"1"
79,"5"
80,"8"
81,"5"
82,"4"
83,"1"
84,"4"
85,"7"
86,"5"
87,"6"
88,"4"
89,"1"
90,"9"
91,"5"
92,"7"
93,"3"
94,"0"
95,"2"
96,"7"
97,"3"
98,"4"
99,"1"
100,"0"
101,"5"
102,"4"
103,"6"
104,"5"
105,"0"
106,"9"
107,"4"
108,"2"
109,"3"
110,"2"
111,"5"
112,"7"
113,"5"
114,"1"
115,"0"
116,"6"
117,"7"
118,"8"
119,"2"
120,"1"
121,"8"
122,"8"
123,"2"
124,"1"
125,"4"
126,"9"
127,"4"
128,"7"
129,"3"
130,"9"
131,"8"
132,"1"
133,"7"
134,"7"
135,"6"
136,"5"
137,"1"
138,"3"
139,"8"
140,"3"
141,"2"
142,"0"
143,"5"
144,"1"
145,"5"
146,"1"
147,"8"
148,"6"
149,"2"
150,"6"
151,"3"
152,"1"
153,"2"
154,"8"
155,"0"
156,"8"
157,"5"
158,"7"
159,"7"
160,"0"
161,"5"
162,"8"
163,"2"
164,"7"
165,"6"
166,"7"
167,"6"
168,"9"
169,"4"
170,"3"
171,"7"
172,"7"
173,"6"
174,"4"
175,"7"
176,"0"
177,"7"
178,"7"
179,"4"
180,"4"
181,"0"
182,"7"
183,"2"
184,"9"
185,"0"
186,"2"
187,"4"
188,"9"
189,"7"
190,"8"
191,"3"
192,"7"
193,"7"
194,"8"
195,"1"
196,"2"
197,"8"
198,"9"
199,"1"
200,"7"
201,"7"
202,"4"
203,"1"
204,"8"
205,"3"
206,"4"
207,"8"
208,"2"
209,"8"
210,"5"
211,"0"
212,"7"
213,"0"
214,"6"
215,"9"
216,"3"
217,"5"
218,"8"
219,"3"
220,"7"
221,"0"
222,"4"
223,"4"
224,"2"
225,"8"
226,"4"
227,"7"
228,"5"
229,"6"
230,"4"
231,"1"
232,"1"
233,"8"
234,"1"
235,"6"
236,"9"
237,"8"
238,"8"
239,"7"
240,"2"
241,"2"
242,"1"
243,"6"
244,"5"
245,"3"
246,"1"
247,"7"
248,"4"
249,"4"
250,"9"
251,"7"
252,"6"
253,"4"
254,"9"
255,"3"
256,"6"
257,"5"
258,"6"
259,"5"
260,"6"
261,"7"
262,"7"
263,"7"
264,"2"
265,"5"
266,"4"
267,"1"
268,"8"
269,"5"
270,"0"
271,"1"
272,"5"
273,"8"
274,"1"
275,"8"
276,"2"
277,"1"
278,"1"
279,"4"
280,"9"
281,"0"
282,"6"
283,"5"
284,"7"
285,"5"
286,"1"
287,"0"
288,"8"
289,"6"
290,"9"
291,"2"
292,"0"
293,"5"
294,"8"
295,"3"
296,"7"
297,"0"
298,"4"
299,"6"
300,"7"
301,"6"
302,"4"
303,"1"
304,"5"
305,"6"
306,"0"
307,"2"
308,"0"
309,"8"
310,"3"
311,"2"
312,"1"
313,"9"
314,"2"
315,"0"
316,"6"
317,"1"
318,"4"
319,"9"
320,"7"
321,"4"
322,"8"
323,"2"
324,"6"
325,"9"
326,"3"
327,"5"
328,"1"
329,"9"
330,"8"
331,"0"
332,"5"
333,"9"
334,"3"
335,"6"
336,"4"
337,"1"
338,"8"
339,"9"
340,"0"
341,"6"
342,"4"
343,"5"
344,"3"
345,"3"
346,"6"
347,"4"
348,"0"
349,"1"
350,"0"
351,"1"
352,"7"
353,"5"
354,"8"
355,"0"
356,"4"
357,"2"
358,"8"
359,"8"
360,"6"
361,"8"
362,"4"
363,"6"
364,"1"
365,"4"
366,"3"
367,"2"
368,"3"
369,"3"
370,"6"
371,"4"
372,"3"
373,"5"
374,"5"
375,"1"
376,"2"
377,"9"
378,"1"
379,"3"
380,"2"
381,"3"
382,"6"
383,"3"
384,"4"
385,"0"
386,"9"
387,"1"
388,"2"
389,"7"
390,"0"
391,"6"
392,"8"
393,"3"
394,"4"
395,"1"
396,"1"
397,"4"
398,"1"
399,"1"
400,"0"
401,"9"
402,"4"
403,"3"
404,"8"
405,"9"
406,"0"
407,"3"
408,"0"
409,"0"
410,"0"
411,"6"
412,"6"
413,"0"
414,"1"
415,"6"
416,"1"
417,"2"
418,"4"
419,"4"
420,"5"
421,"9"
422,"0"
423,"3"
424,"6"
425,"6"
426,"1"
427,"4"
428,"5"
429,"7"
430,"9"
431,"9"
432,"4"
433,"6"
434,"6"
435,"7"
436,"0"
437,"5"
438,"2"
439,"3"
440,"2"
441,"5"
442,"1"
443,"6"
444,"4"
445,"1"
446,"1"
447,"1"
448,"5"
449,"6"
450,"6"
451,"5"
452,"9"
453,"3"
454,"0"
455,"1"
456,"2"
457,"0"
458,"6"
459,"1"
460,"1"
461,"2"
462,"1"
463,"3"
464,"4"
465,"6"
466,"0"
467,"2"
468,"4"
469,"6"
470,"1"
471,"9"
472,"2"
473,"4"
474,"6"
475,"3"
476,"3"
477,"3"
478,"7"
479,"2"
480,"9"
481,"4"
482,"2"
483,"3"
484,"1"
485,"4"
486,"4"
487,"9"
488,"5"
489,"5"
490,"7"
491,"8"
492,"6"
493,"3"
494,"0"
495,"5"
496,"7"
497,"2"
498,"8"
499,"3"
500,"2"
501,"0"
502,"1"
503,"3"
504,"8"
505,"5"
506,"1"
507,"7"
508,"9"
509,"7"
510,"9"
511,"1"
512,"8"
513,"6"
514,"6"
515,"1"
516,"4"
517,"7"
518,"3"
519,"8"
520,"4"
521,"3"
522,"8"
523,"7"
524,"0"
525,"6"
526,"5"
527,"7"
528,"0"
529,"6"
530,"5"
531,"5"
532,"6"
533,"8"
534,"0"
535,"8"
536,"4"
537,"4"
538,"0"
539,"1"
540,"1"
541,"3"
542,"1"
543,"9"
544,"8"
545,"1"
546,"4"
547,"2"
548,"0"
549,"7"
550,"3"
551,"1"
552,"9"
553,"6"
554,"5"
555,"4"
556,"1"
557,"9"
558,"0"
559,"7"
560,"0"
561,"9"
562,"4"
563,"6"
564,"9"
565,"4"
566,"1"
567,"7"
568,"2"
569,"7"
570,"0"
571,"6"
572,"3"
573,"4"
574,"6"
575,"5"
576,"5"
577,"8"
578,"2"
579,"9"
580,"9"
581,"7"
582,"4"
583,"4"
584,"7"
585,"2"
586,"8"
587,"3"
588,"3"
589,"8"
590,"3"
591,"8"
592,"7"
593,"3"
594,"2"
595,"9"
596,"9"
597,"8"
598,"5"
599,"9"
600,"8"
601,"2"
602,"0"
603,"7"
604,"8"
605,"5"
606,"1"
607,"0"
608,"0"
609,"1"
610,"7"
611,"9"
612,"6"
613,"3"
614,"3"
615,"0"
616,"0"
617,"8"
618,"3"
619,"8"
620,"0"
621,"5"
622,"4"
623,"3"
624,"0"
625,"0"
626,"3"
627,"2"
628,"7"
629,"4"
630,"5"
631,"8"
632,"3"
633,"7"
634,"1"
635,"3"
636,"2"
637,"5"
638,"1"
639,"0"
640,"0"
641,"7"
642,"1"
643,"1"
644,"8"
645,"1"
646,"6"
647,"5"
648,"0"
649,"7"
650,"0"
651,"1"
652,"5"
653,"2"
654,"8"
655,"7"
656,"8"
657,"6"
658,"4"
659,"7"
660,"9"
661,"8"
662,"6"
663,"7"
664,"9"
665,"7"
666,"0"
667,"1"
668,"9"
669,"3"
670,"5"
671,"1"
672,"0"
673,"2"
674,"2"
675,"4"
676,"6"
677,"8"
678,"2"
679,"3"
680,"1"
681,"6"
682,"6"
683,"5"
684,"5"
685,"7"
686,"7"
687,"8"
688,"4"
689,"1"
690,"1"
691,"9"
692,"7"
693,"3"
694,"3"
695,"1"
696,"4"
697,"2"
698,"0"
699,"4"
700,"5"
701,"7"
702,"7"
703,"0"
704,"1"
705,"7"
706,"2"
707,"2"
708,"8"
709,"3"
710,"8"
711,"6"
712,"8"
713,"1"
714,"2"
715,"3"
716,"7"
717,"5"
718,"3"
719,"0"
720,"8"
721,"2"
722,"3"
723,"7"
724,"9"
725,"8"
726,"2"
727,"2"
728,"7"
729,"2"
730,"6"
731,"6"
732,"7"
733,"4"
734,"7"
735,"2"
736,"5"
737,"3"
738,"0"
739,"1"
740,"4"
741,"1"
742,"3"
743,"5"
744,"3"
745,"0"
746,"5"
747,"8"
748,"8"
749,"1"
750,"4"
751,"4"
752,"2"
753,"4"
754,"3"
755,"5"
756,"5"
757,"9"
758,"8"
759,"2"
760,"1"
761,"2"
762,"6"
763,"8"
764,"7"
765,"7"
766,"5"
767,"0"
768,"2"
769,"6"
770,"2"
771,"7"
772,"7"
773,"1"
774,"9"
775,"0"
776,"5"
777,"9"
778,"9"
779,"8"
780,"0"
781,"2"
782,"4"
783,"6"
784,"0"
785,"3"
786,"9"
787,"7"
788,"4"
789,"6"
790,"6"
791,"8"
792,"9"
793,"1"
794,"1"
795,"4"
796,"6"
797,"2"
798,"3"
799,"7"
800,"4"
801,"9"
802,"6"
803,"5"
804,"5"
805,"6"
806,"4"
807,"2"
808,"8"
809,"3"
810,"4"
811,"0"
812,"1"
813,"4"
814,"9"
815,"0"
816,"9"
817,"4"
818,"9"
819,"3"
820,"2"
821,"4"
822,"9"
823,"2"
824,"7"
825,"1"
826,"1"
827,"0"
828,"8"
829,"2"
830,"8"
831,"1"
832,"7"
833,"5"
834,"4"
835,"6"
836,"9"
837,"4"
838,"1"
839,"1"
840,"2"
841,"7"
842,"6"
843,"5"
844,"3"
845,"9"
846,"3"
847,"4"
848,"3"
849,"4"
850,"0"
851,"1"
852,"3"
853,"8"
854,"6"
855,"2"
856,"5"
857,"8"
858,"6"
859,"5"
860,"0"
861,"9"
862,"3"
863,"2"
864,"1"
865,"2"
866,"5"
867,"2"
868,"1"
869,"4"
870,"4"
871,"6"
872,"4"
873,"8"
874,"5"
875,"1"
876,"7"
877,"9"
878,"7"
879,"7"
880,"1"
881,"7"
882,"2"
883,"3"
884,"6"
885,"3"
886,"5"
887,"1"
888,"3"
889,"3"
890,"2"
891,"8"
892,"4"
893,"7"
894,"0"
895,"1"
896,"6"
897,"4"
898,"8"
899,"0"
900,"8"
901,"7"
902,"3"
903,"2"
904,"7"
905,"5"
906,"5"
907,"0"
908,"3"
909,"7"
910,"9"
911,"1"
912,"9"
913,"7"
914,"8"
915,"7"
916,"4"
917,"8"
918,"6"
919,"4"
920,"8"
921,"2"
922,"6"
923,"0"
924,"4"
925,"0"
926,"8"
927,"2"
928,"9"
929,"5"
930,"3"
931,"8"
932,"7"
933,"2"
934,"9"
935,"1"
936,"2"
937,"7"
938,"1"
939,"1"
940,"8"
941,"9"
942,"9"
943,"9"
944,"2"
945,"2"
946,"5"
947,"6"
948,"8"
949,"3"
950,"5"
951,"9"
952,"7"
953,"4"
954,"4"
955,"3"
956,"2"
957,"9"
958,"6"
959,"3"
960,"7"
961,"5"
962,"6"
963,"5"
964,"1"
965,"7"
966,"5"
967,"3"
968,"9"
969,"4"
970,"4"
971,"3"
972,"2"
973,"8"
974,"4"
975,"9"
976,"0"
977,"1"
978,"5"
979,"3"
980,"1"
981,"3"
982,"2"
983,"2"
984,"0"
985,"1"
986,"8"
987,"7"
988,"8"
989,"5"
990,"6"
991,"5"
992,"2"
993,"4"
994,"3"
995,"1"
996,"2"
997,"8"
998,"3"
999,"3"
1000,"7"
1001,"3"
1002,"0"
1003,"2"
1004,"6"
1005,"2"
1006,"1"
1007,"6"
1008,"2"
1009,"0"
1010,"1"
1011,"7"
1012,"6"
1013,"7"
1014,"4"
1015,"4"
1016,"3"
1017,"9"
1018,"0"
1019,"0"
1020,"4"
1021,"2"
1022,"6"
1023,"4"
1024,"4"
1025,"4"
1026,"4"
1027,"8"
1028,"5"
1029,"2"
1030,"9"
1031,"8"
1032,"5"
1033,"0"
1034,"8"
1035,"9"
1036,"1"
1037,"9"
1038,"0"
1039,"0"
1040,"2"
1041,"4"
1042,"9"
1043,"3"
1044,"5"
1045,"2"
1046,"9"
1047,"5"
1048,"2"
1049,"5"
1050,"0"
1051,"6"
1052,"3"
1053,"8"
1054,"8"
1055,"1"
1056,"3"
1057,"3"
1058,"5"
1059,"6"
1060,"4"
1061,"1"
1062,"2"
1063,"6"
1064,"7"
1065,"4"
1066,"7"
1067,"5"
1068,"1"
1069,"0"
1070,"2"
1071,"6"
1072,"0"
1073,"2"
1074,"6"
1075,"6"
1076,"9"
1077,"6"
1078,"9"
1079,"2"
1080,"0"
1081,"0"
1082,"9"
1083,"8"
1084,"1"
1085,"2"
1086,"8"
1087,"3"
1088,"1"
1089,"6"
1090,"1"
1091,"4"
1092,"0"
1093,"7"
1094,"8"
1095,"2"
1096,"8"
1097,"0"
1098,"6"
1099,"2"
1100,"0"
1101,"3"
1102,"9"
1103,"9"
1104,"5"
1105,"4"
1106,"7"
1107,"8"
1108,"4"
1109,"8"
1110,"7"
1111,"8"
1112,"2"
1113,"8"
1114,"6"
1115,"4"
1116,"6"
1117,"6"
1118,"3"
1119,"0"
1120,"9"
1121,"3"
1122,"7"
1123,"4"
1124,"6"
1125,"3"
1126,"8"
1127,"6"
1128,"7"
1129,"5"
1130,"7"
1131,"4"
1132,"2"
1133,"2"
1134,"8"
1135,"9"
1136,"9"
1137,"9"
1138,"4"
1139,"4"
1140,"8"
1141,"9"
1142,"3"
1143,"3"
1144,"2"
1145,"9"
1146,"4"
1147,"4"
1148,"2"
1149,"7"
1150,"2"
1151,"7"
1152,"5"
1153,"1"
1154,"0"
1155,"2"
1156,"8"
1157,"5"
1158,"4"
1159,"4"
1160,"9"
1161,"3"
1162,"0"
1163,"1"
1164,"6"
1165,"3"
1166,"5"
1167,"4"
1168,"2"
1169,"7"
1170,"6"
1171,"8"
1172,"7"
1173,"2"
1174,"3"
1175,"0"
1176,"9"
1177,"5"
1178,"5"
1179,"3"
1180,"3"
1181,"0"
1182,"9"
1183,"1"
1184,"9"
1185,"7"
1186,"7"
1187,"4"
1188,"9"
1189,"6"
1190,"4"
1191,"5"
1192,"9"
1193,"2"
1194,"3"
1195,"1"
1196,"9"
1197,"7"
1198,"5"
1199,"9"
1200,"2"
1201,"7"
1202,"5"
1203,"9"
1204,"9"
1205,"2"
1206,"3"
1207,"6"
1208,"8"
1209,"0"
1210,"7"
1211,"3"
1212,"0"
1213,"2"
1214,"7"
1215,"7"
1216,"6"
1217,"2"
1218,"4"
1219,"6"
1220,"4"
1221,"9"
1222,"3"
1223,"0"
1224,"7"
1225,"6"
1226,"0"
1227,"7"
1228,"7"
1229,"2"
1230,"3"
1231,"6"
1232,"0"
1233,"6"
1234,"9"
1235,"9"
1236,"8"
1237,"0"
1238,"8"
1239,"0"
1240,"0"
1241,"1"
1242,"7"
1243,"5"
1244,"6"
1245,"8"
1246,"9"
1247,"1"
1248,"2"
1249,"7"
1250,"3"
1251,"4"
1252,"1"
1253,"4"
1254,"6"
1255,"2"
1256,"6"
1257,"8"
1258,"7"
1259,"0"
1260,"9"
1261,"2"
1262,"3"
1263,"0"
1264,"2"
1265,"1"
1266,"1"
1267,"9"
1268,"8"
1269,"5"
1270,"9"
1271,"3"
1272,"8"
1273,"1"
1274,"8"
1275,"1"
1276,"2"
1277,"4"
1278,"6"
1279,"7"
1280,"3"
1281,"1"
1282,"4"
1283,"1"
1284,"4"
1285,"8"
1286,"6"
1287,"1"
1288,"0"
1289,"0"
1290,"2"
1291,"1"
1292,"7"
1293,"0"
1294,"0"
1295,"0"
1296,"7"
1297,"3"
1298,"7"
1299,"4"
1300,"7"
1301,"0"
1302,"0"
1303,"7"
1304,"2"
1305,"7"
1306,"1"
1307,"7"
1308,"9"
1309,"8"
1310,"1"
1311,"9"
1312,"2"
1313,"1"
1314,"8"
1315,"9"
1316,"1"
1317,"5"
1318,"6"
1319,"2"
1320,"6"
1321,"3"
1322,"5"
1323,"4"
1324,"9"
1325,"5"
1326,"9"
1327,"9"
1328,"6"
1329,"5"
1330,"1"
1331,"3"
1332,"2"
1333,"7"
1334,"2"
1335,"1"
1336,"8"
1337,"5"
1338,"2"
1339,"3"
1340,"4"
1341,"6"
1342,"8"
1343,"0"
1344,"5"
1345,"7"
1346,"4"
1347,"9"
1348,"8"
1349,"7"
1350,"7"
1351,"3"
1352,"5"
1353,"0"
1354,"2"
1355,"1"
1356,"0"
1357,"1"
1358,"8"
1359,"0"
1360,"3"
1361,"1"
1362,"7"
1363,"1"
1364,"5"
1365,"4"
1366,"1"
1367,"7"
1368,"7"
1369,"1"
1370,"0"
1371,"8"
1372,"9"
1373,"8"
1374,"5"
1375,"3"
1376,"5"
1377,"3"
1378,"9"
1379,"6"
1380,"3"
1381,"5"
1382,"7"
1383,"9"
1384,"7"
1385,"4"
1386,"0"
1387,"2"
1388,"4"
1389,"1"
1390,"4"
1391,"9"
1392,"7"
1393,"2"
1394,"7"
1395,"9"
1396,"1"
1397,"9"
1398,"7"
1399,"3"
1400,"2"
1401,"4"
1402,"0"
1403,"7"
1404,"0"
1405,"1"
1406,"1"
1407,"3"
1408,"7"
1409,"1"
1410,"2"
1411,"1"
1412,"0"
1413,"0"
1414,"2"
1415,"0"
1416,"0"
1417,"2"
1418,"2"
1419,"7"
1420,"5"
1421,"7"
1422,"8"
1423,"3"
1424,"8"
1425,"7"
1426,"6"
1427,"2"
1428,"8"
1429,"2"
1430,"3"
1431,"9"
1432,"9"
1433,"8"
1434,"4"
1435,"7"
1436,"7"
1437,"4"
1438,"4"
1439,"4"
1440,"4"
1441,"3"
1442,"3"
1443,"3"
1444,"0"
1445,"9"
1446,"2"
1447,"8"
1448,"6"
1449,"6"
1450,"0"
1451,"5"
1452,"9"
1453,"6"
1454,"1"
1455,"5"
1456,"1"
1457,"0"
1458,"9"
1459,"0"
1460,"9"
1461,"1"
1462,"6"
1463,"3"
1464,"4"
1465,"7"
1466,"8"
1467,"4"
1468,"1"
1469,"1"
1470,"0"
1471,"7"
1472,"7"
1473,"6"
1474,"6"
1475,"5"
1476,"0"
1477,"6"
1478,"1"
1479,"4"
1480,"0"
1481,"5"
1482,"7"
1483,"7"
1484,"6"
1485,"9"
1486,"7"
1487,"9"
1488,"3"
1489,"4"
1490,"3"
1491,"6"
1492,"3"
1493,"2"
1494,"5"
1495,"7"
1496,"1"
1497,"8"
1498,"4"
1499,"1"
1500,"5"
1501,"0"
1502,"1"
1503,"2"
1504,"0"
1505,"5"
1506,"0"
1507,"1"
1508,"0"
1509,"2"
1510,"8"
1511,"4"
1512,"9"
1513,"1"
1514,"3"
1515,"1"
1516,"5"
1517,"0"
1518,"9"
1519,"5"
1520,"9"
1521,"3"
1522,"4"
1523,"0"
1524,"4"
1525,"4"
1526,"3"
1527,"4"
1528,"2"
1529,"1"
1530,"0"
1531,"3"
1532,"0"
1533,"7"
1534,"4"
1535,"1"
1536,"3"
1537,"1"
1538,"7"
1539,"3"
1540,"1"
1541,"8"
1542,"5"
1543,"9"
1544,"2"
1545,"3"
1546,"0"
1547,"4"
1548,"7"
1549,"3"
1550,"8"
1551,"2"
1552,"7"
1553,"9"
1554,"1"
1555,"6"
1556,"6"
1557,"1"
1558,"9"
1559,"9"
1560,"0"
1561,"9"
1562,"6"
1563,"4"
1564,"7"
1565,"7"
1566,"0"
1567,"3"
1568,"8"
1569,"8"
1570,"3"
1571,"4"
1572,"7"
1573,"8"
1574,"8"
1575,"0"
1576,"2"
1577,"2"
1578,"3"
1579,"6"
1580,"0"
1581,"7"
1582,"0"
1583,"0"
1584,"0"
1585,"6"
1586,"1"
1587,"4"
1588,"7"
1589,"5"
1590,"3"
1591,"7"
1592,"1"
1593,"7"
1594,"1"
1595,"2"
1596,"7"
1597,"3"
1598,"6"
1599,"5"
1600,"0"
1601,"9"
1602,"2"
1603,"7"
1604,"6"
1605,"4"
1606,"5"
1607,"1"
1608,"1"
1609,"9"
1610,"4"
1611,"8"
1612,"1"
1613,"3"
1614,"7"
1615,"6"
1616,"4"
1617,"2"
1618,"5"
1619,"7"
1620,"4"
1621,"2"
1622,"0"
1623,"1"
1624,"1"
1625,"8"
1626,"4"
1627,"6"
1628,"5"
1629,"0"
1630,"1"
1631,"6"
1632,"5"
1633,"5"
1634,"4"
1635,"2"
1636,"9"
1637,"5"
1638,"0"
1639,"4"
1640,"8"
1641,"2"
1642,"0"
1643,"4"
1644,"8"
1645,"4"
1646,"2"
1647,"6"
1648,"6"
1649,"2"
1650,"2"
1651,"1"
1652,"8"
1653,"3"
1654,"9"
1655,"3"
1656,"2"
1657,"2"
1658,"0"
1659,"4"
1660,"7"
1661,"4"
1662,"2"
1663,"0"
1664,"4"
1665,"5"
1666,"7"
1667,"1"
1668,"0"
1669,"3"
1670,"6"
1671,"0"
1672,"1"
1673,"4"
1674,"3"
1675,"8"
1676,"5"
1677,"4"
1678,"6"
1679,"5"
1680,"4"
1681,"0"
1682,"3"
1683,"0"
1684,"1"
1685,"7"
1686,"3"
1687,"4"
1688,"1"
1689,"1"
1690,"5"
1691,"1"
1692,"5"
1693,"7"
1694,"7"
1695,"4"
1696,"6"
1697,"7"
1698,"5"
1699,"3"
1700,"5"
1701,"4"
1702,"0"
1703,"4"
1704,"2"
1705,"2"
1706,"9"
1707,"2"
1708,"6"
1709,"5"
1710,"5"
1711,"0"
1712,"4"
1713,"9"
1714,"5"
1715,"4"
1716,"4"
1717,"3"
1718,"2"
1719,"6"
1720,"3"
1721,"3"
1722,"0"
1723,"7"
1724,"7"
1725,"1"
1726,"7"
1727,"0"
1728,"0"
1729,"4"
1730,"4"
1731,"8"
1732,"5"
1733,"1"
1734,"3"
1735,"2"
1736,"2"
1737,"1"
1738,"0"
1739,"9"
1740,"0"
1741,"5"
1742,"8"
1743,"8"
1744,"5"
1745,"5"
1746,"7"
1747,"0"
1748,"8"
1749,"9"
1750,"2"
1751,"1"
1752,"4"
1753,"4"
1754,"8"
1755,"7"
1756,"9"
1757,"9"
1758,"0"
1759,"2"
1760,"8"
1761,"1"
1762,"9"
1763,"2"
1764,"2"
1765,"6"
1766,"5"
1767,"7"
1768,"9"
1769,"4"
1770,"7"
1771,"9"
1772,"4"
1773,"7"
1774,"3"
1775,"0"
1776,"6"
1777,"6"
1778,"9"
1779,"1"
1780,"7"
1781,"3"
1782,"6"
1783,"8"
1784,"0"
1785,"7"
1786,"3"
1787,"6"
1788,"0"
1789,"5"
1790,"8"
1791,"0"
1792,"2"
1793,"7"
1794,"4"
1795,"1"
1796,"4"
1797,"9"
1798,"7"
1799,"6"
1800,"7"
1801,"1"
1802,"5"
1803,"6"
1804,"8"
1805,"0"
1806,"1"
1807,"1"
1808,"7"
1809,"0"
1810,"7"
1811,"1"
1812,"7"
1813,"7"
1814,"5"
1815,"8"
1816,"9"
1817,"5"
1818,"1"
1819,"8"
1820,"4"
1821,"8"
1822,"3"
1823,"2"
1824,"9"
1825,"3"
1826,"1"
1827,"3"
1828,"7"
1829,"3"
1830,"9"
1831,"4"
1832,"8"
1833,"6"
1834,"4"
1835,"5"
1836,"4"
1837,"9"
1838,"0"
1839,"8"
1840,"6"
1841,"1"
1842,"5"
1843,"8"
1844,"7"
1845,"3"
1846,"1"
1847,"0"
1848,"2"
1849,"6"
1850,"2"
1851,"6"
1852,"5"
1853,"2"
1854,"8"
1855,"8"
1856,"9"
1857,"0"
1858,"1"
1859,"9"
1860,"1"
1861,"1"
1862,"9"
1863,"0"
1864,"8"
1865,"4"
1866,"4"
1867,"7"
1868,"6"
1869,"0"
1870,"2"
1871,"3"
1872,"2"
1873,"7"
1874,"0"
1875,"5"
1876,"3"
1877,"4"
1878,"6"
1879,"1"
1880,"3"
1881,"6"
1882,"2"
1883,"5"
1884,"7"
1885,"2"
1886,"9"
1887,"0"
1888,"8"
1889,"9"
1890,"3"
1891,"3"
1892,"0"
1893,"4"
1894,"6"
1895,"6"
1896,"2"
1897,"1"
1898,"0"
1899,"6"
1900,"2"
1901,"1"
1902,"0"
1903,"7"
1904,"6"
1905,"6"
1906,"0"
1907,"3"
1908,"0"
1909,"5"
1910,"8"
1911,"3"
1912,"6"
1913,"2"
1914,"2"
1915,"1"
1916,"2"
1917,"6"
1918,"7"
1919,"3"
1920,"8"
1921,"6"
1922,"6"
1923,"5"
1924,"9"
1925,"3"
1926,"2"
1927,"0"
1928,"4"
1929,"0"
1930,"5"
1931,"6"
1932,"3"
1933,"8"
1934,"3"
1935,"7"
1936,"9"
1937,"4"
1938,"1"
1939,"2"
1940,"2"
1941,"5"
1942,"1"
1943,"1"
1944,"5"
1945,"6"
1946,"0"
1947,"1"
1948,"5"
1949,"0"
1950,"4"
1951,"7"
1952,"7"
1953,"5"
1954,"7"
1955,"2"
1956,"0"
1957,"9"
1958,"7"
1959,"8"
1960,"9"
1961,"8"
1962,"1"
1963,"2"
1964,"9"
1965,"7"
1966,"6"
1967,"3"
1968,"6"
1969,"7"
1970,"9"
1971,"2"
1972,"3"
1973,"8"
1974,"2"
1975,"7"
1976,"7"
1977,"9"
1978,"3"
1979,"5"
1980,"4"
1981,"4"
1982,"3"
1983,"0"
1984,"9"
1985,"0"
1986,"3"
1987,"8"
1988,"3"
1989,"0"
1990,"1"
1991,"1"
1992,"5"
1993,"1"
1994,"0"
1995,"6"
1996,"3"
1997,"3"
1998,"9"
1999,"8"
2000,"1"
2001,"1"
2002,"8"
2003,"4"
2004,"3"
2005,"7"
2006,"4"
2007,"9"
2008,"3"
2009,"4"
2010,"4"
2011,"7"
2012,"6"
2013,"9"
2014,"3"
2015,"0"
2016,"4"
2017,"6"
2018,"9"
2019,"8"
2020,"1"
2021,"7"
2022,"3"
2023,"2"
2024,"0"
2025,"9"
2026,"8"
2027,"7"
2028,"4"
2029,"9"
2030,"5"
2031,"8"
2032,"1"
2033,"4"
2034,"6"
2035,"7"
2036,"3"
2037,"3"
2038,"9"
2039,"5"
2040,"6"
2041,"5"
2042,"5"
2043,"4"
2044,"1"
2045,"4"
2046,"9"
2047,"7"
2048,"3"
2049,"2"
2050,"9"
2051,"1"
2052,"9"
2053,"7"
2054,"4"
2055,"9"
2056,"0"
2057,"7"
2058,"6"
2059,"4"
2060,"8"
2061,"5"
2062,"6"
2063,"0"
2064,"2"
2065,"3"
2066,"5"
2067,"1"
2068,"8"
2069,"6"
2070,"0"
2071,"1"
2072,"2"
2073,"9"
2074,"9"
2075,"1"
2076,"5"
2077,"0"
2078,"3"
2079,"8"
2080,"8"
2081,"4"
2082,"6"
2083,"4"
2084,"9"
2085,"7"
2086,"8"
2087,"9"
2088,"8"
2089,"0"
2090,"9"
2091,"1"
2092,"1"
2093,"1"
2094,"8"
2095,"7"
2096,"6"
2097,"1"
2098,"9"
2099,"7"
2100,"0"
2101,"0"
2102,"7"
2103,"2"
2104,"6"
2105,"5"
2106,"1"
2107,"2"
2108,"7"
2109,"7"
2110,"0"
2111,"0"
2112,"7"
2113,"6"
2114,"9"
2115,"8"
2116,"5"
2117,"2"
2118,"7"
2119,"7"
2120,"3"
2121,"0"
2122,"1"
2123,"2"
2124,"9"
2125,"8"
2126,"9"
2127,"8"
2128,"7"
2129,"5"
2130,"1"
2131,"7"
2132,"4"
2133,"7"
2134,"1"
2135,"1"
2136,"7"
2137,"0"
2138,"2"
2139,"3"
2140,"5"
2141,"6"
2142,"1"
2143,"6"
2144,"1"
2145,"6"
2146,"2"
2147,"9"
2148,"7"
2149,"6"
2150,"2"
2151,"8"
2152,"6"
2153,"9"
2154,"4"
2155,"1"
2156,"2"
2157,"1"
2158,"1"
2159,"5"
2160,"9"
2161,"1"
2162,"3"
2163,"7"
2164,"2"
2165,"6"
2166,"4"
2167,"1"
2168,"1"
2169,"5"
2170,"8"
2171,"3"
2172,"3"
2173,"1"
2174,"7"
2175,"9"
2176,"6"
2177,"5"
2178,"6"
2179,"8"
2180,"3"
2181,"3"
2182,"4"
2183,"8"
2184,"4"
2185,"8"
2186,"9"
2187,"2"
2188,"7"
2189,"6"
2190,"3"
2191,"9"
2192,"5"
2193,"3"
2194,"0"
2195,"1"
2196,"8"
2197,"2"
2198,"6"
2199,"1"
2200,"3"
2201,"8"
2202,"8"
2203,"5"
2204,"5"
2205,"3"
2206,"6"
2207,"9"
2208,"9"
2209,"1"
2210,"3"
2211,"9"
2212,"4"
2213,"6"
2214,"9"
2215,"3"
2216,"8"
2217,"5"
2218,"8"
2219,"1"
2220,"0"
2221,"4"
2222,"9"
2223,"1"
2224,"2"
2225,"1"
2226,"5"
2227,"6"
2228,"7"
2229,"9"
2230,"1"
2231,"3"
2232,"4"
2233,"3"
2234,"1"
2235,"0"
2236,"1"
2237,"2"
2238,"5"
2239,"3"
2240,"4"
2241,"6"
2242,"3"
2243,"2"
2244,"8"
2245,"3"
2246,"6"
2247,"7"
2248,"8"
2249,"5"
2250,"1"
2251,"7"
2252,"5"
2253,"6"
2254,"3"
2255,"8"
2256,"0"
2257,"4"
2258,"1"
2259,"2"
2260,"0"
2261,"0"
2262,"8"
2263,"9"
2264,"9"
2265,"1"
2266,"2"
2267,"1"
2268,"5"
2269,"9"
2270,"4"
2271,"1"
2272,"6"
2273,"9"
2274,"3"
2275,"6"
2276,"0"
2277,"4"
2278,"3"
2279,"5"
2280,"7"
2281,"8"
2282,"1"
2283,"5"
2284,"3"
2285,"5"
2286,"1"
2287,"1"
2288,"7"
2289,"1"
2290,"5"
2291,"1"
2292,"3"
2293,"4"
2294,"1"
2295,"9"
2296,"2"
2297,"4"
2298,"2"
2299,"6"
2300,"1"
2301,"3"
2302,"5"
2303,"0"
2304,"3"
2305,"8"
2306,"7"
2307,"7"
2308,"7"
2309,"2"
2310,"3"
2311,"8"
2312,"1"
2313,"2"
2314,"2"
2315,"5"
2316,"2"
2317,"0"
2318,"7"
2319,"2"
2320,"6"
2321,"1"
2322,"3"
2323,"9"
2324,"7"
2325,"2"
2326,"5"
2327,"4"
2328,"5"
2329,"5"
2330,"8"
2331,"3"
2332,"6"
2333,"7"
2334,"5"
2335,"5"
2336,"6"
2337,"9"
2338,"5"
2339,"7"
2340,"7"
2341,"4"
2342,"7"
2343,"3"
2344,"9"
2345,"6"
2346,"5"
2347,"8"
2348,"5"
2349,"7"
2350,"4"
2351,"2"
2352,"4"
2353,"0"
2354,"5"
2355,"5"
2356,"2"
2357,"7"
2358,"5"
2359,"3"
2360,"5"
2361,"1"
2362,"9"
2363,"1"
2364,"6"
2365,"8"
2366,"6"
2367,"0"
2368,"1"
2369,"3"
2370,"8"
2371,"7"
2372,"1"
2373,"8"
2374,"5"
2375,"1"
2376,"1"
2377,"6"
2378,"0"
2379,"2"
2380,"6"
2381,"5"
2382,"1"
2383,"5"
2384,"4"
2385,"9"
2386,"1"
2387,"4"
2388,"1"
2389,"4"
2390,"7"
2391,"7"
2392,"5"
2393,"9"
2394,"7"
2395,"3"
2396,"8"
2397,"8"
2398,"7"
2399,"1"
2400,"2"
2401,"6"
2402,"9"
2403,"7"
2404,"8"
2405,"1"
2406,"2"
2407,"3"
2408,"9"
2409,"6"
2410,"9"
2411,"1"
2412,"8"
2413,"6"
2414,"4"
2415,"0"
2416,"4"
2417,"8"
2418,"2"
2419,"8"
2420,"7"
2421,"2"
2422,"2"
2423,"8"
2424,"3"
2425,"2"
2426,"9"
2427,"8"
2428,"6"
2429,"7"
2430,"8"
2431,"0"
2432,"3"
2433,"4"
2434,"9"
2435,"3"
2436,"5"
2437,"4"
2438,"4"
2439,"4"
2440,"2"
2441,"3"
2442,"7"
2443,"8"
2444,"9"
2445,"8"
2446,"2"
2447,"3"
2448,"4"
2449,"3"
2450,"1"
2451,"2"
2452,"1"
2453,"6"
2454,"3"
2455,"6"
2456,"9"
2457,"3"
2458,"7"
2459,"5"
2460,"4"
2461,"2"
2462,"5"
2463,"1"
2464,"4"
2465,"6"
2466,"2"
2467,"6"
2468,"4"
2469,"8"
2470,"7"
2471,"7"
2472,"8"
2473,"2"
2474,"8"
2475,"7"
2476,"4"
2477,"7"
2478,"8"
2479,"2"
2480,"5"
2481,"7"
2482,"3"
2483,"7"
2484,"8"
2485,"9"
2486,"5"
2487,"8"
2488,"8"
2489,"9"
2490,"7"
2491,"1"
2492,"0"
2493,"9"
2494,"5"
2495,"7"
2496,"7"
2497,"0"
2498,"3"
2499,"7"
2500,"1"
2501,"7"
2502,"7"
2503,"1"
2504,"1"
2505,"5"
2506,"0"
2507,"6"
2508,"6"
2509,"7"
2510,"1"
2511,"4"
2512,"5"
2513,"3"
2514,"3"
2515,"5"
2516,"0"
2517,"5"
2518,"1"
2519,"5"
2520,"6"
2521,"3"
2522,"8"
2523,"7"
2524,"6"
2525,"6"
2526,"6"
2527,"2"
2528,"7"
2529,"7"
2530,"6"
2531,"1"
2532,"4"
2533,"7"
2534,"0"
2535,"5"
2536,"7"
2537,"8"
2538,"4"
2539,"1"
2540,"8"
2541,"5"
2542,"6"
2543,"6"
2544,"7"
2545,"9"
2546,"9"
2547,"0"
2548,"2"
2549,"0"
2550,"2"
2551,"2"
2552,"9"
2553,"6"
2554,"1"
2555,"0"
2556,"3"
2557,"4"
2558,"0"
2559,"3"
2560,"7"
2561,"1"
2562,"0"
2563,"7"
2564,"1"
2565,"9"
2566,"0"
2567,"8"
2568,"3"
2569,"8"
2570,"1"
2571,"8"
2572,"1"
2573,"5"
2574,"4"
2575,"4"
2576,"5"
2577,"2"
2578,"1"
2579,"3"
2580,"1"
2581,"7"
2582,"6"
2583,"6"
2584,"9"
2585,"8"
2586,"2"
2587,"3"
2588,"6"
2589,"6"
2590,"7"
2591,"0"
2592,"3"
2593,"1"
2594,"5"
2595,"6"
2596,"4"
2597,"4"
2598,"4"
2599,"7"
2600,"6"
2601,"8"
2602,"4"
2603,"9"
2604,"3"
2605,"1"
2606,"0"
2607,"4"
2608,"1"
2609,"0"
2610,"1"
2611,"3"
2612,"8"
2613,"6"
2614,"2"
2615,"2"
2616,"3"
2617,"4"
2618,"8"
2619,"8"
2620,"6"
2621,"9"
2622,"8"
2623,"6"
2624,"2"
2625,"1"
2626,"3"
2627,"3"
2628,"7"
2629,"7"
2630,"8"
2631,"5"
2632,"6"
2633,"4"
2634,"5"
2635,"9"
2636,"3"
2637,"4"
2638,"5"
2639,"9"
2640,"7"
2641,"0"
2642,"5"
2643,"4"
2644,"5"
2645,"4"
2646,"1"
2647,"5"
2648,"2"
2649,"1"
2650,"2"
2651,"7"
2652,"3"
2653,"3"
2654,"6"
2655,"4"
2656,"7"
2657,"4"
2658,"2"
2659,"3"
2660,"7"
2661,"3"
2662,"9"
2663,"7"
2664,"8"
2665,"7"
2666,"9"
2667,"7"
2668,"8"
2669,"2"
2670,"0"
2671,"0"
2672,"2"
2673,"3"
2674,"9"
2675,"9"
2676,"5"
2677,"3"
2678,"9"
2679,"7"
2680,"7"
2681,"1"
2682,"4"
2683,"4"
2684,"9"
2685,"3"
2686,"3"
2687,"7"
2688,"4"
2689,"0"
2690,"2"
2691,"5"
2692,"7"
2693,"7"
2694,"1"
2695,"1"
2696,"1"
2697,"9"
2698,"5"
2699,"8"
2700,"5"
2701,"1"
2702,"5"
2703,"2"
2704,"2"
2705,"8"
2706,"8"
2707,"2"
2708,"9"
2709,"0"
2710,"8"
2711,"7"
2712,"0"
2713,"1"
2714,"0"
2715,"7"
2716,"3"
2717,"6"
2718,"2"
2719,"1"
2720,"4"
2721,"9"
2722,"5"
2723,"1"
2724,"2"
2725,"0"
2726,"6"
2727,"1"
2728,"3"
2729,"7"
2730,"0"
2731,"6"
2732,"0"
2733,"4"
2734,"6"
2735,"3"
2736,"6"
2737,"3"
2738,"2"
2739,"0"
2740,"1"
2741,"9"
2742,"7"
2743,"5"
2744,"7"
2745,"8"
2746,"4"
2747,"1"
2748,"1"
2749,"7"
2750,"8"
2751,"9"
2752,"3"
2753,"0"
2754,"5"
2755,"7"
2756,"7"
2757,"8"
2758,"7"
2759,"5"
2760,"7"
2761,"0"
2762,"3"
2763,"4"
2764,"1"
2765,"2"
2766,"4"
2767,"2"
2768,"1"
2769,"8"
2770,"9"
2771,"9"
2772,"4"
2773,"3"
2774,"8"
2775,"5"
2776,"6"
2777,"2"
2778,"0"
2779,"1"
2780,"5"
2781,"8"
2782,"4"
2783,"5"
2784,"4"
2785,"6"
2786,"1"
2787,"5"
2788,"8"
2789,"3"
2790,"7"
2791,"8"
2792,"3"
2793,"0"
2794,"2"
2795,"8"
2796,"6"
2797,"6"
2798,"3"
2799,"0"
2800,"8"
2801,"1"
2802,"0"
2803,"1"
2804,"6"
2805,"9"
2806,"2"
2807,"6"
2808,"7"
2809,"1"
2810,"9"
2811,"0"
2812,"4"
2813,"3"
2814,"8"
2815,"6"
2816,"8"
2817,"0"
2818,"0"
2819,"7"
2820,"4"
2821,"0"
2822,"9"
2823,"4"
2824,"0"
2825,"8"
2826,"6"
2827,"9"
2828,"6"
2829,"4"
2830,"4"
2831,"8"
2832,"3"
2833,"2"
2834,"7"
2835,"5"
2836,"6"
2837,"9"
2838,"6"
2839,"2"
2840,"9"
2841,"2"
2842,"9"
2843,"2"
2844,"8"
2845,"9"
2846,"6"
2847,"1"
2848,"6"
2849,"8"
2850,"8"
2851,"8"
2852,"0"
2853,"9"
2854,"5"
2855,"4"
2856,"5"
2857,"7"
2858,"2"
2859,"2"
2860,"6"
2861,"0"
2862,"3"
2863,"9"
2864,"8"
2865,"0"
2866,"7"
2867,"9"
2868,"6"
2869,"6"
2870,"6"
2871,"9"
2872,"4"
2873,"1"
2874,"2"
2875,"9"
2876,"7"
2877,"9"
2878,"8"
2879,"8"
2880,"5"
2881,"3"
2882,"3"
2883,"6"
2884,"3"
2885,"4"
2886,"6"
2887,"7"
2888,"3"
2889,"6"
2890,"0"
2891,"7"
2892,"6"
2893,"9"
2894,"7"
2895,"6"
2896,"6"
2897,"9"
2898,"5"
2899,"1"
2900,"6"
2901,"7"
2902,"2"
2903,"3"
2904,"9"
2905,"8"
2906,"5"
2907,"4"
2908,"9"
2909,"5"
2910,"1"
2911,"0"
2912,"8"
2913,"2"
2914,"9"
2915,"9"
2916,"5"
2917,"3"
2918,"7"
2919,"4"
2920,"6"
2921,"1"
2922,"1"
2923,"7"
2924,"9"
2925,"1"
2926,"4"
2927,"2"
2928,"9"
2929,"4"
2930,"1"
2931,"3"
2932,"2"
2933,"8"
2934,"4"
2935,"5"
2936,"8"
2937,"3"
2938,"0"
2939,"2"
2940,"8"
2941,"2"
2942,"9"
2943,"2"
2944,"5"
2945,"0"
2946,"6"
2947,"9"
2948,"9"
2949,"5"
2950,"1"
2951,"7"
2952,"9"
2953,"8"
2954,"0"
2955,"3"
2956,"6"
2957,"3"
2958,"9"
2959,"1"
2960,"5"
2961,"9"
2962,"2"
2963,"8"
2964,"9"
2965,"8"
2966,"4"
2967,"5"
2968,"2"
2969,"2"
2970,"0"
2971,"3"
2972,"3"
2973,"4"
2974,"3"
2975,"0"
2976,"9"
2977,"7"
2978,"7"
2979,"4"
2980,"1"
2981,"4"
2982,"5"
2983,"1"
2984,"4"
2985,"4"
2986,"6"
2987,"9"
2988,"4"
2989,"2"
2990,"2"
2991,"0"
2992,"5"
2993,"7"
2994,"6"
2995,"3"
2996,"1"
2997,"1"
2998,"1"
2999,"6"
3000,"1"
3001,"1"
3002,"2"
3003,"4"
3004,"9"
3005,"3"
3006,"1"
3007,"4"
3008,"3"
3009,"6"
3010,"5"
3011,"8"
3012,"1"
3013,"2"
3014,"3"
3015,"8"
3016,"9"
3017,"9"
3018,"1"
3019,"4"
3020,"7"
3021,"8"
3022,"9"
3023,"3"
3024,"4"
3025,"1"
3026,"8"
3027,"5"
3028,"0"
3029,"9"
3030,"7"
3031,"8"
3032,"8"
3033,"8"
3034,"1"
3035,"6"
3036,"4"
3037,"1"
3038,"5"
3039,"8"
3040,"9"
3041,"2"
3042,"6"
3043,"7"
3044,"3"
3045,"2"
3046,"0"
3047,"7"
3048,"1"
3049,"8"
3050,"3"
3051,"5"
3052,"7"
3053,"4"
3054,"0"
3055,"4"
3056,"5"
3057,"9"
3058,"0"
3059,"1"
3060,"7"
3061,"5"
3062,"1"
3063,"3"
3064,"0"
3065,"6"
3066,"3"
3067,"4"
3068,"5"
3069,"6"
3070,"8"
3071,"5"
3072,"3"
3073,"9"
3074,"7"
3075,"6"
3076,"5"
3077,"3"
3078,"2"
3079,"3"
3080,"7"
3081,"8"
3082,"0"
3083,"4"
3084,"2"
3085,"6"
3086,"6"
3087,"3"
3088,"4"
3089,"3"
3090,"2"
3091,"2"
3092,"2"
3093,"0"
3094,"9"
3095,"2"
3096,"7"
3097,"9"
3098,"8"
3099,"3"
3100,"3"
3101,"9"
3102,"4"
3103,"8"
3104,"6"
3105,"4"
3106,"2"
3107,"1"
3108,"6"
3109,"4"
3110,"8"
3111,"2"
3112,"1"
3113,"7"
3114,"7"
3115,"0"
3116,"6"
3117,"5"
3118,"7"
3119,"6"
3120,"3"
3121,"1"
3122,"8"
3123,"4"
3124,"2"
3125,"5"
3126,"7"
3127,"5"
3128,"7"
3129,"7"
3130,"9"
3131,"0"
3132,"8"
3133,"4"
3134,"9"
3135,"1"
3136,"0"
3137,"3"
3138,"1"
3139,"9"
3140,"8"
3141,"1"
3142,"4"
3143,"6"
3144,"6"
3145,"5"
3146,"9"
3147,"5"
3148,"5"
3149,"9"
3150,"6"
3151,"9"
3152,"3"
3153,"5"
3154,"3"
3155,"1"
3156,"7"
3157,"9"
3158,"9"
3159,"3"
3160,"5"
3161,"7"
3162,"9"
3163,"3"
3164,"5"
3165,"3"
3166,"9"
3167,"4"
3168,"1"
3169,"7"
3170,"8"
3171,"3"
3172,"7"
3173,"0"
3174,"2"
3175,"3"
3176,"1"
3177,"4"
3178,"1"
3179,"3"
3180,"3"
3181,"5"
3182,"8"
3183,"8"
3184,"6"
3185,"0"
3186,"6"
3187,"2"
3188,"7"
3189,"9"
3190,"6"
3191,"3"
3192,"2"
3193,"1"
3194,"4"
3195,"9"
3196,"7"
3197,"9"
3198,"9"
3199,"9"
3200,"2"
3201,"9"
3202,"1"
3203,"3"
3204,"1"
3205,"9"
3206,"2"
3207,"5"
3208,"6"
3209,"2"
3210,"3"
3211,"2"
3212,"8"
3213,"1"
3214,"7"
3215,"7"
3216,"0"
3217,"9"
3218,"7"
3219,"3"
3220,"4"
3221,"7"
3222,"3"
3223,"0"
3224,"0"
3225,"8"
3226,"6"
3227,"1"
3228,"0"
3229,"5"
3230,"8"
3231,"9"
3232,"6"
3233,"9"
3234,"1"
3235,"7"
3236,"2"
3237,"6"
3238,"4"
3239,"9"
3240,"8"
3241,"5"
3242,"2"
3243,"8"
3244,"2"
3245,"3"
3246,"2"
3247,"5"
3248,"3"
3249,"7"
3250,"1"
3251,"9"
3252,"2"
3253,"8"
3254,"6"
3255,"8"
3256,"6"
3257,"2"
3258,"2"
3259,"6"
3260,"7"
3261,"1"
3262,"8"
3263,"6"
3264,"3"
3265,"7"
3266,"6"
3267,"3"
3268,"2"
3269,"1"
3270,"1"
3271,"0"
3272,"8"
3273,"5"
3274,"7"
3275,"0"
3276,"6"
3277,"2"
3278,"4"
3279,"6"
3280,"7"
3281,"2"
3282,"7"
3283,"0"
3284,"1"
3285,"7"
3286,"1"
3287,"9"
3288,"9"
3289,"2"
3290,"6"
3291,"0"
3292,"9"
3293,"4"
3294,"8"
3295,"1"
3296,"7"
3297,"6"
3298,"5"
3299,"7"
3300,"7"
3301,"4"
3302,"1"
3303,"0"
3304,"1"
3305,"9"
3306,"3"
3307,"2"
3308,"0"
3309,"2"
3310,"2"
3311,"1"
3312,"9"
3313,"2"
3314,"8"
3315,"4"
3316,"0"
3317,"0"
3318,"5"
3319,"0"
3320,"7"
3321,"8"
3322,"5"
3323,"6"
3324,"3"
3325,"1"
3326,"6"
3327,"6"
3328,"7"
3329,"2"
3330,"8"
3331,"6"
3332,"2"
3333,"0"
3334,"9"
3335,"3"
3336,"4"
3337,"4"
3338,"9"
3339,"6"
3340,"8"
3341,"0"
3342,"1"
3343,"8"
3344,"4"
3345,"2"
3346,"8"
3347,"8"
3348,"8"
3349,"1"
3350,"2"
3351,"8"
3352,"2"
3353,"1"
3354,"0"
3355,"7"
3356,"7"
3357,"4"
3358,"5"
3359,"1"
3360,"6"
3361,"9"
3362,"1"
3363,"0"
3364,"4"
3365,"0"
3366,"7"
3367,"3"
3368,"5"
3369,"9"
3370,"8"
3371,"8"
3372,"8"
3373,"3"
3374,"9"
3375,"0"
3376,"9"
3377,"2"
3378,"0"
3379,"8"
3380,"9"
3381,"9"
3382,"0"
3383,"2"
3384,"5"
3385,"7"
3386,"1"
3387,"5"
3388,"0"
3389,"7"
3390,"9"
3391,"6"
3392,"1"
3393,"3"
3394,"4"
3395,"6"
3396,"9"
3397,"8"
3398,"7"
3399,"0"
3400,"8"
3401,"1"
3402,"1"
3403,"1"
3404,"1"
3405,"3"
3406,"6"
3407,"6"
3408,"4"
3409,"2"
3410,"2"
3411,"6"
3412,"2"
3413,"8"
3414,"3"
3415,"1"
3416,"9"
3417,"9"
3418,"0"
3419,"3"
3420,"2"
3421,"9"
3422,"8"
3423,"4"
3424,"1"
3425,"9"
3426,"3"
3427,"1"
3428,"3"
3429,"5"
3430,"5"
3431,"6"
3432,"9"
3433,"6"
3434,"3"
3435,"0"
3436,"0"
3437,"7"
3438,"7"
3439,"0"
3440,"2"
3441,"6"
3442,"0"
3443,"6"
3444,"6"
3445,"2"
3446,"7"
3447,"6"
3448,"8"
3449,"7"
3450,"9"
3451,"4"
3452,"9"
3453,"8"
3454,"8"
3455,"9"
3456,"9"
3457,"9"
3458,"5"
3459,"7"
3460,"9"
3461,"7"
3462,"9"
3463,"8"
3464,"0"
3465,"4"
3466,"8"
3467,"9"
3468,"1"
3469,"6"
3470,"5"
3471,"4"
3472,"4"
3473,"2"
3474,"3"
3475,"5"
3476,"6"
3477,"3"
3478,"3"
3479,"2"
3480,"6"
3481,"3"
3482,"8"
3483,"1"
3484,"0"
3485,"9"
3486,"0"
3487,"7"
3488,"3"
3489,"7"
3490,"1"
3491,"4"
3492,"1"
3493,"6"
3494,"8"
3495,"5"
3496,"3"
3497,"5"
3498,"6"
3499,"5"
3500,"3"
3501,"5"
3502,"2"
3503,"8"
3504,"0"
3505,"1"
3506,"6"
3507,"0"
3508,"5"
3509,"1"
3510,"9"
3511,"0"
3512,"0"
3513,"7"
3514,"9"
3515,"4"
3516,"3"
3517,"2"
3518,"3"
3519,"5"
3520,"4"
3521,"8"
3522,"4"
3523,"4"
3524,"0"
3525,"1"
3526,"0"
3527,"1"
3528,"9"
3529,"0"
3530,"1"
3531,"8"
3532,"8"
3533,"9"
3534,"6"
3535,"6"
3536,"3"
3537,"2"
3538,"5"
3539,"9"
3540,"1"
3541,"2"
3542,"4"
3543,"3"
3544,"0"
3545,"1"
3546,"2"
3547,"3"
3548,"5"
3549,"3"
3550,"9"
3551,"9"
3552,"3"
3553,"1"
3554,"5"
3555,"7"
3556,"4"
3557,"7"
3558,"4"
3559,"7"
3560,"1"
3561,"2"
3562,"1"
3563,"6"
3564,"8"
3565,"1"
3566,"5"
3567,"0"
3568,"8"
3569,"3"
3570,"8"
3571,"4"
3572,"7"
3573,"3"
3574,"9"
3575,"2"
3576,"2"
3577,"8"
3578,"9"
3579,"6"
3580,"0"
3581,"1"
3582,"2"
3583,"0"
3584,"6"
3585,"4"
3586,"9"
3587,"1"
3588,"7"
3589,"0"
3590,"9"
3591,"7"
3592,"0"
3593,"9"
3594,"8"
3595,"8"
3596,"1"
3597,"5"
3598,"9"
3599,"2"
3600,"4"
3601,"6"
3602,"0"
3603,"2"
3604,"6"
3605,"6"
3606,"7"
3607,"5"
3608,"8"
3609,"5"
3610,"7"
3611,"3"
3612,"3"
3613,"4"
3614,"8"
3615,"7"
3616,"1"
3617,"2"
3618,"4"
3619,"7"
3620,"3"
3621,"2"
3622,"2"
3623,"8"
3624,"5"
3625,"0"
3626,"1"
3627,"3"
3628,"5"
3629,"7"
3630,"9"
3631,"3"
3632,"9"
3633,"7"
3634,"1"
3635,"2"
3636,"0"
3637,"9"
3638,"0"
3639,"9"
3640,"0"
3641,"3"
3642,"8"
3643,"2"
3644,"5"
3645,"0"
3646,"1"
3647,"8"
3648,"3"
3649,"8"
3650,"0"
3651,"0"
3652,"3"
3653,"6"
3654,"0"
3655,"6"
3656,"1"
3657,"4"
3658,"6"
3659,"4"
3660,"8"
3661,"6"
3662,"3"
3663,"8"
3664,"1"
3665,"1"
3666,"7"
3667,"9"
3668,"4"
3669,"3"
3670,"3"
3671,"6"
3672,"2"
3673,"9"
3674,"7"
3675,"0"
3676,"0"
3677,"1"
3678,"7"
3679,"0"
3680,"2"
3681,"4"
3682,"7"
3683,"4"
3684,"1"
3685,"7"
3686,"3"
3687,"5"
3688,"5"
3689,"0"
3690,"5"
3691,"7"
3692,"4"
3693,"7"
3694,"2"
3695,"4"
3696,"6"
3697,"5"
3698,"7"
3699,"7"
3700,"8"
3701,"5"
3702,"8"
3703,"8"
3704,"8"
3705,"3"
3706,"8"
3707,"8"
3708,"9"
3709,"4"
3710,"0"
3711,"9"
3712,"4"
3713,"9"
3714,"5"
3715,"9"
3716,"1"
3717,"2"
3718,"0"
3719,"3"
3720,"9"
3721,"8"
3722,"7"
3723,"6"
3724,"1"
3725,"0"
3726,"2"
3727,"5"
3728,"8"
3729,"9"
3730,"2"
3731,"5"
3732,"9"
3733,"0"
3734,"6"
3735,"9"
3736,"1"
3737,"5"
3738,"1"
3739,"7"
3740,"8"
3741,"4"
3742,"8"
3743,"8"
3744,"2"
3745,"9"
3746,"9"
3747,"0"
3748,"3"
3749,"2"
3750,"1"
3751,"1"
3752,"4"
3753,"0"
3754,"4"
3755,"5"
3756,"1"
3757,"9"
3758,"9"
3759,"8"
3760,"1"
3761,"3"
3762,"0"
3763,"7"
3764,"8"
3765,"2"
3766,"5"
3767,"9"
3768,"6"
3769,"1"
3770,"9"
3771,"2"
3772,"6"
3773,"5"
3774,"4"
3775,"6"
3776,"7"
3777,"4"
3778,"3"
3779,"6"
3780,"5"
3781,"7"
3782,"9"
3783,"2"
3784,"0"
3785,"3"
3786,"7"
3787,"8"
3788,"8"
3789,"0"
3790,"4"
3791,"9"
3792,"5"
3793,"9"
3794,"3"
3795,"8"
3796,"4"
3797,"8"
3798,"2"
3799,"5"
3800,"6"
3801,"5"
3802,"6"
3803,"1"
3804,"9"
3805,"8"
3806,"5"
3807,"1"
3808,"5"
3809,"7"
3810,"6"
3811,"3"
3812,"0"
3813,"5"
3814,"1"
3815,"8"
3816,"1"
3817,"2"
3818,"0"
3819,"5"
3820,"1"
3821,"2"
3822,"6"
3823,"4"
3824,"5"
3825,"7"
3826,"3"
3827,"4"
3828,"2"
3829,"8"
3830,"5"
3831,"5"
3832,"0"
3833,"7"
3834,"8"
3835,"3"
3836,"0"
3837,"8"
3838,"9"
3839,"3"
3840,"8"
3841,"8"
3842,"7"
3843,"7"
3844,"6"
3845,"1"
3846,"1"
3847,"4"
3848,"8"
3849,"7"
3850,"4"
3851,"8"
3852,"9"
3853,"4"
3854,"1"
3855,"7"
3856,"2"
3857,"6"
3858,"5"
3859,"4"
3860,"2"
3861,"4"
3862,"4"
3863,"6"
3864,"2"
3865,"3"
3866,"3"
3867,"0"
3868,"0"
3869,"6"
3870,"1"
3871,"6"
3872,"1"
3873,"3"
3874,"4"
3875,"3"
3876,"4"
3877,"5"
3878,"5"
3879,"1"
3880,"5"
3881,"0"
3882,"0"
3883,"7"
3884,"8"
3885,"8"
3886,"9"
3887,"4"
3888,"4"
3889,"8"
3890,"9"
3891,"4"
3892,"3"
3893,"8"
3894,"6"
3895,"8"
3896,"3"
3897,"7"
3898,"3"
3899,"1"
3900,"1"
3901,"4"
3902,"8"
3903,"7"
3904,"4"
3905,"9"
3906,"7"
3907,"1"
3908,"1"
3909,"2"
3910,"0"
3911,"2"
3912,"4"
3913,"0"
3914,"0"
3915,"4"
3916,"9"
3917,"0"
3918,"3"
3919,"4"
3920,"0"
3921,"1"
3922,"3"
3923,"3"
3924,"1"
3925,"7"
3926,"6"
3927,"9"
3928,"0"
3929,"3"
3930,"9"
3931,"7"
3932,"1"
3933,"0"
3934,"9"
3935,"4"
3936,"9"
3937,"8"
3938,"1"
3939,"7"
3940,"6"
3941,"4"
3942,"2"
3943,"9"
3944,"4"
3945,"5"
3946,"1"
3947,"8"
3948,"1"
3949,"1"
3950,"5"
3951,"9"
3952,"3"
3953,"7"
3954,"3"
3955,"4"
3956,"5"
3957,"1"
3958,"4"
3959,"9"
3960,"5"
3961,"5"
3962,"2"
3963,"8"
3964,"2"
3965,"4"
3966,"0"
3967,"6"
3968,"1"
3969,"0"
3970,"2"
3971,"7"
3972,"3"
3973,"8"
3974,"2"
3975,"9"
3976,"7"
3977,"2"
3978,"1"
3979,"1"
3980,"3"
3981,"7"
3982,"7"
3983,"4"
3984,"9"
3985,"3"
3986,"8"
3987,"1"
3988,"3"
3989,"6"
3990,"1"
3991,"2"
3992,"8"
3993,"3"
3994,"7"
3995,"9"
3996,"7"
3997,"3"
3998,"6"
3999,"7"
4000,"1"
4001,"8"
4002,"1"
4003,"1"
4004,"7"
4005,"9"
4006,"1"
4007,"3"
4008,"9"
4009,"2"
4010,"9"
4011,"8"
4012,"2"
4013,"3"
4014,"6"
4015,"2"
4016,"6"
4017,"1"
4018,"4"
4019,"9"
4020,"5"
4021,"0"
4022,"2"
4023,"8"
4024,"9"
4025,"2"
4026,"6"
4027,"8"
4028,"5"
4029,"3"
4030,"3"
4031,"7"
4032,"2"
4033,"9"
4034,"7"
4035,"5"
4036,"5"
4037,"8"
4038,"2"
4039,"7"
4040,"8"
4041,"2"
4042,"9"
4043,"2"
4044,"5"
4045,"3"
4046,"2"
4047,"2"
4048,"1"
4049,"6"
4050,"8"
4051,"6"
4052,"3"
4053,"9"
4054,"7"
4055,"2"
4056,"0"
4057,"7"
4058,"1"
4059,"2"
4060,"2"
4061,"1"
4062,"6"
4063,"2"
4064,"4"
4065,"3"
4066,"8"
4067,"4"
4068,"4"
4069,"5"
4070,"2"
4071,"1"
4072,"0"
4073,"0"
4074,"9"
4075,"2"
4076,"1"
4077,"6"
4078,"7"
4079,"8"
4080,"0"
4081,"7"
4082,"8"
4083,"8"
4084,"9"
4085,"4"
4086,"6"
4087,"1"
4088,"2"
4089,"0"
4090,"3"
4091,"5"
4092,"2"
4093,"4"
4094,"3"
4095,"1"
4096,"2"
4097,"0"
4098,"7"
4099,"4"
4100,"9"
4101,"6"
4102,"4"
4103,"9"
4104,"3"
4105,"9"
4106,"2"
4107,"6"
4108,"1"
4109,"3"
4110,"0"
4111,"0"
4112,"6"
4113,"1"
4114,"0"
4115,"3"
4116,"3"
4117,"5"
4118,"1"
4119,"8"
4120,"0"
4121,"7"
4122,"7"
4123,"7"
4124,"3"
4125,"1"
4126,"0"
4127,"0"
4128,"0"
4129,"7"
4130,"5"
4131,"8"
4132,"6"
4133,"6"
4134,"1"
4135,"8"
4136,"4"
4137,"4"
4138,"6"
4139,"8"
4140,"6"
4141,"1"
4142,"5"
4143,"6"
4144,"1"
4145,"9"
4146,"9"
4147,"4"
4148,"9"
4149,"3"
4150,"8"
4151,"5"
4152,"8"
4153,"3"
4154,"4"
4155,"2"
4156,"4"
4157,"2"
4158,"6"
4159,"5"
4160,"3"
4161,"7"
4162,"0"
4163,"5"
4164,"2"
4165,"1"
4166,"7"
4167,"4"
4168,"6"
4169,"8"
4170,"5"
4171,"9"
4172,"3"
4173,"2"
4174,"5"
4175,"5"
4176,"2"
4177,"4"
4178,"0"
4179,"8"
4180,"3"
4181,"5"
4182,"1"
4183,"4"
4184,"3"
4185,"7"
4186,"9"
4187,"7"
4188,"6"
4189,"7"
4190,"9"
4191,"3"
4192,"4"
4193,"3"
4194,"6"
4195,"9"
4196,"4"
4197,"1"
4198,"7"
4199,"9"
4200,"3"
4201,"3"
4202,"7"
4203,"9"
4204,"7"
4205,"1"
4206,"2"
4207,"8"
4208,"8"
4209,"7"
4210,"9"
4211,"0"
4212,"9"
4213,"8"
4214,"5"
4215,"1"
4216,"8"
4217,"3"
4218,"6"
4219,"3"
4220,"5"
4221,"4"
4222,"0"
4223,"0"
4224,"7"
4225,"1"
4226,"1"
4227,"4"
4228,"4"
4229,"3"
4230,"4"
4231,"3"
4232,"7"
4233,"5"
4234,"5"
4235,"1"
4236,"5"
4237,"7"
4238,"7"
4239,"8"
4240,"9"
4241,"3"
4242,"8"
4243,"8"
4244,"9"
4245,"7"
4246,"5"
4247,"9"
4248,"9"
4249,"7"
4250,"0"
4251,"8"
4252,"0"
4253,"6"
4254,"1"
4255,"7"
4256,"9"
4257,"1"
4258,"2"
4259,"0"
4260,"8"
4261,"7"
4262,"7"
4263,"8"
4264,"1"
4265,"9"
4266,"2"
4267,"9"
4268,"5"
4269,"6"
4270,"6"
4271,"2"
4272,"5"
4273,"6"
4274,"1"
4275,"2"
4276,"0"
4277,"7"
4278,"1"
4279,"6"
4280,"7"
4281,"9"
4282,"7"
4283,"0"
4284,"6"
4285,"2"
4286,"9"
4287,"6"
4288,"1"
4289,"3"
4290,"5"
4291,"8"
4292,"4"
4293,"0"
4294,"3"
4295,"9"
4296,"2"
4297,"4"
4298,"8"
4299,"5"
4300,"9"
4301,"2"
4302,"2"
4303,"1"
4304,"1"
4305,"8"
4306,"8"
4307,"0"
4308,"4"
4309,"3"
4310,"2"
4311,"0"
4312,"8"
4313,"1"
4314,"2"
4315,"4"
4316,"2"
4317,"3"
4318,"2"
4319,"2"
4320,"7"
4321,"9"
4322,"5"
4323,"4"
4324,"2"
4325,"9"
4326,"0"
4327,"7"
4328,"1"
4329,"2"
4330,"8"
4331,"0"
4332,"4"
4333,"0"
4334,"9"
4335,"3"
4336,"6"
4337,"1"
4338,"3"
4339,"3"
4340,"2"
4341,"9"
4342,"5"
4343,"8"
4344,"7"
4345,"4"
4346,"9"
4347,"4"
4348,"2"
4349,"8"
4350,"0"
4351,"0"
4352,"6"
4353,"7"
4354,"2"
4355,"5"
4356,"7"
4357,"3"
4358,"0"
4359,"9"
4360,"2"
4361,"8"
4362,"4"
4363,"3"
4364,"2"
4365,"0"
4366,"3"
4367,"0"
4368,"7"
4369,"7"
4370,"5"
4371,"7"
4372,"6"
4373,"8"
4374,"8"
4375,"3"
4376,"8"
4377,"7"
4378,"7"
4379,"2"
4380,"9"
4381,"6"
4382,"3"
4383,"9"
4384,"0"
4385,"2"
4386,"9"
4387,"3"
4388,"4"
4389,"7"
4390,"8"
4391,"3"
4392,"1"
4393,"4"
4394,"1"
4395,"3"
4396,"5"
4397,"3"
4398,"1"
4399,"2"
4400,"4"
4401,"9"
4402,"4"
4403,"7"
4404,"9"
4405,"7"
4406,"1"
4407,"6"
4408,"6"
4409,"8"
4410,"6"
4411,"6"
4412,"1"
4413,"0"
4414,"7"
4415,"7"
4416,"7"
4417,"6"
4418,"2"
4419,"0"
4420,"7"
4421,"4"
4422,"7"
4423,"3"
4424,"9"
4425,"6"
4426,"9"
4427,"4"
4428,"8"
4429,"9"
4430,"6"
4431,"1"
4432,"3"
4433,"2"
4434,"8"
4435,"6"
4436,"5"
4437,"0"
4438,"7"
4439,"8"
4440,"6"
4441,"4"
4442,"3"
4443,"1"
4444,"4"
4445,"1"
4446,"3"
4447,"4"
4448,"2"
4449,"0"
4450,"5"
4451,"7"
4452,"4"
4453,"0"
4454,"9"
4455,"6"
4456,"5"
4457,"0"
4458,"5"
4459,"6"
4460,"8"
4461,"1"
4462,"3"
4463,"6"
4464,"9"
4465,"1"
4466,"1"
4467,"9"
4468,"4"
4469,"8"
4470,"4"
4471,"8"
4472,"0"
4473,"7"
4474,"9"
4475,"6"
4476,"0"
4477,"4"
4478,"7"
4479,"4"
4480,"7"
4481,"1"
4482,"4"
4483,"6"
4484,"9"
4485,"4"
4486,"0"
4487,"0"
4488,"3"
4489,"3"
4490,"7"
4491,"9"
4492,"6"
4493,"4"
4494,"4"
4495,"3"
4496,"6"
4497,"1"
4498,"0"
4499,"2"
4500,"7"
4501,"3"
4502,"2"
4503,"3"
4504,"3"
4505,"4"
4506,"0"
4507,"8"
4508,"6"
4509,"3"
4510,"3"
4511,"8"
4512,"7"
4513,"9"
4514,"9"
4515,"2"
4516,"4"
4517,"1"
4518,"3"
4519,"5"
4520,"8"
4521,"7"
4522,"4"
4523,"5"
4524,"2"
4525,"1"
4526,"3"
4527,"7"
4528,"0"
4529,"0"
4530,"2"
4531,"5"
4532,"6"
4533,"4"
4534,"2"
4535,"8"
4536,"6"
4537,"3"
4538,"1"
4539,"5"
4540,"1"
4541,"9"
4542,"2"
4543,"6"
4544,"5"
4545,"9"
4546,"1"
4547,"7"
4548,"2"
4549,"6"
4550,"8"
4551,"5"
4552,"5"
4553,"8"
4554,"9"
4555,"2"
4556,"5"
4557,"5"
4558,"9"
4559,"3"
4560,"1"
4561,"0"
4562,"4"
4563,"0"
4564,"1"
4565,"1"
4566,"5"
4567,"9"
4568,"5"
4569,"9"
4570,"7"
4571,"6"
4572,"1"
4573,"1"
4574,"8"
4575,"8"
4576,"2"
4577,"7"
4578,"5"
4579,"7"
4580,"4"
4581,"3"
4582,"8"
4583,"4"
4584,"0"
4585,"5"
4586,"6"
4587,"9"
4588,"9"
4589,"2"
4590,"8"
4591,"6"
4592,"6"
4593,"0"
4594,"0"
4595,"2"
4596,"2"
4597,"1"
4598,"5"
4599,"1"
4600,"1"
4601,"3"
4602,"6"
4603,"0"
4604,"8"
4605,"3"
4606,"1"
4607,"8"
4608,"1"
4609,"2"
4610,"2"
4611,"4"
4612,"8"
4613,"1"
4614,"4"
4615,"5"
4616,"1"
4617,"4"
4618,"5"
4619,"7"
4620,"5"
4621,"9"
4622,"1"
4623,"4"
4624,"9"
4625,"2"
4626,"7"
4627,"9"
4628,"6"
4629,"4"
4630,"4"
4631,"6"
4632,"6"
4633,"9"
4634,"2"
4635,"1"
4636,"0"
4637,"1"
4638,"9"
4639,"2"
4640,"7"
4641,"4"
4642,"7"
4643,"3"
4644,"1"
4645,"2"
4646,"6"
4647,"0"
4648,"3"
4649,"3"
4650,"5"
4651,"5"
4652,"0"
4653,"4"
4654,"6"
4655,"6"
4656,"4"
4657,"8"
4658,"7"
4659,"7"
4660,"1"
4661,"6"
4662,"5"
4663,"5"
4664,"8"
4665,"8"
4666,"9"
4667,"0"
4668,"5"
4669,"8"
4670,"1"
4671,"4"
4672,"0"
4673,"6"
4674,"9"
4675,"1"
4676,"3"
4677,"5"
4678,"2"
4679,"2"
4680,"2"
4681,"9"
4682,"3"
4683,"7"
4684,"6"
4685,"8"
4686,"1"
4687,"6"
4688,"5"
4689,"6"
4690,"6"
4691,"9"
4692,"0"
4693,"0"
4694,"1"
4695,"2"
4696,"9"
4697,"6"
4698,"4"
4699,"5"
4700,"4"
4701,"3"
4702,"3"
4703,"6"
4704,"9"
4705,"1"
4706,"2"
4707,"4"
4708,"5"
4709,"7"
4710,"7"
4711,"5"
4712,"7"
4713,"9"
4714,"3"
4715,"3"
4716,"6"
4717,"8"
4718,"6"
4719,"5"
4720,"6"
4721,"3"
4722,"4"
4723,"4"
4724,"2"
4725,"0"
4726,"9"
4727,"1"
4728,"4"
4729,"5"
4730,"8"
4731,"6"
4732,"8"
4733,"3"
4734,"0"
4735,"5"
4736,"7"
4737,"6"
4738,"0"
4739,"7"
4740,"7"
4741,"0"
4742,"9"
4743,"7"
4744,"6"
4745,"0"
4746,"3"
4747,"5"
4748,"3"
4749,"7"
4750,"9"
4751,"7"
4752,"0"
4753,"2"
4754,"0"
4755,"1"
4756,"5"
4757,"5"
4758,"7"
4759,"8"
4760,"4"
4761,"3"
4762,"4"
4763,"6"
4764,"0"
4765,"4"
4766,"1"
4767,"7"
4768,"5"
4769,"2"
4770,"0"
4771,"4"
4772,"6"
4773,"1"
4774,"9"
4775,"0"
4776,"8"
4777,"3"
4778,"8"
4779,"9"
4780,"7"
4781,"4"
4782,"0"
4783,"2"
4784,"6"
4785,"0"
4786,"2"
4787,"5"
4788,"9"
4789,"0"
4790,"3"
4791,"9"
4792,"2"
4793,"0"
4794,"0"
4795,"4"
4796,"2"
4797,"8"
4798,"5"
4799,"1"
4800,"2"
4801,"6"
4802,"9"
4803,"5"
4804,"3"
4805,"9"
4806,"2"
4807,"4"
4808,"6"
4809,"3"
4810,"6"
4811,"1"
4812,"8"
4813,"3"
4814,"3"
4815,"9"
4816,"6"
4817,"4"
4818,"4"
4819,"1"
4820,"9"
4821,"5"
4822,"0"
4823,"3"
4824,"0"
4825,"8"
4826,"3"
4827,"8"
4828,"5"
4829,"8"
4830,"3"
4831,"2"
4832,"7"
4833,"8"
4834,"3"
4835,"4"
4836,"1"
4837,"0"
4838,"7"
4839,"1"
4840,"4"
4841,"0"
4842,"4"
4843,"2"
4844,"3"
4845,"9"
4846,"9"
4847,"1"
4848,"6"
4849,"8"
4850,"3"
4851,"6"
4852,"4"
4853,"5"
4854,"2"
4855,"4"
4856,"5"
4857,"8"
4858,"6"
4859,"1"
4860,"7"
4861,"5"
4862,"4"
4863,"5"
4864,"9"
4865,"7"
4866,"4"
4867,"8"
4868,"9"
4869,"6"
4870,"2"
4871,"2"
4872,"8"
4873,"0"
4874,"7"
4875,"7"
4876,"5"
4877,"9"
4878,"7"
4879,"1"
4880,"3"
4881,"3"
4882,"9"
4883,"9"
4884,"6"
4885,"0"
4886,"1"
4887,"0"
4888,"4"
4889,"6"
4890,"1"
4891,"1"
4892,"6"
4893,"6"
4894,"3"
4895,"4"
4896,"7"
4897,"5"
4898,"3"
4899,"0"
4900,"7"
4901,"1"
4902,"2"
4903,"8"
4904,"9"
4905,"0"
4906,"1"
4907,"7"
4908,"5"
4909,"9"
4910,"4"
4911,"5"
4912,"5"
4913,"0"
4914,"9"
4915,"3"
4916,"4"
4917,"9"
4918,"4"
4919,"5"
4920,"3"
4921,"3"
4922,"2"
4923,"4"
4924,"3"
4925,"8"
4926,"2"
4927,"9"
4928,"1"
4929,"5"
4930,"7"
4931,"8"
4932,"7"
4933,"4"
4934,"0"
4935,"4"
4936,"6"
4937,"6"
4938,"1"
4939,"5"
4940,"7"
4941,"2"
4942,"3"
4943,"1"
4944,"7"
4945,"8"
4946,"3"
4947,"5"
4948,"0"
4949,"2"
4950,"0"
4951,"0"
4952,"8"
4953,"5"
4954,"5"
4955,"6"
4956,"4"
4957,"9"
4958,"9"
4959,"3"
4960,"7"
4961,"8"
4962,"2"
4963,"2"
4964,"9"
4965,"2"
4966,"6"
4967,"5"
4968,"7"
4969,"1"
4970,"0"
4971,"4"
4972,"3"
4973,"4"
4974,"3"
4975,"1"
4976,"7"
4977,"3"
4978,"7"
4979,"5"
4980,"8"
4981,"1"
4982,"5"
4983,"4"
4984,"7"
4985,"0"
4986,"0"
4987,"8"
4988,"2"
4989,"2"
4990,"9"
4991,"0"
4992,"3"
4993,"4"
4994,"5"
4995,"5"
4996,"7"
4997,"5"
4998,"8"
4999,"7"
5000,"5"
5001,"7"
5002,"0"
5003,"2"
5004,"3"
5005,"7"
5006,"7"
5007,"9"
5008,"4"
5009,"0"
5010,"8"
5011,"6"
5012,"5"
5013,"1"
5014,"7"
5015,"9"
5016,"0"
5017,"9"
5018,"5"
5019,"5"
5020,"0"
5021,"5"
5022,"4"
5023,"7"
5024,"9"
5025,"6"
5026,"4"
5027,"8"
5028,"5"
5029,"8"
5030,"9"
5031,"3"
5032,"0"
5033,"9"
5034,"7"
5035,"2"
5036,"0"
5037,"5"
5038,"1"
5039,"3"
5040,"7"
5041,"9"
5042,"1"
5043,"7"
5044,"5"
5045,"2"
5046,"3"
5047,"5"
5048,"1"
5049,"7"
5050,"9"
5051,"6"
5052,"0"
5053,"4"
5054,"0"
5055,"7"
5056,"2"
5057,"1"
5058,"7"
5059,"2"
5060,"8"
5061,"7"
5062,"9"
5063,"1"
5064,"4"
5065,"1"
5066,"3"
5067,"2"
5068,"2"
5069,"5"
5070,"1"
5071,"3"
5072,"5"
5073,"2"
5074,"6"
5075,"6"
5076,"4"
5077,"4"
5078,"0"
5079,"5"
5080,"2"
5081,"2"
5082,"4"
5083,"1"
5084,"2"
5085,"5"
5086,"5"
5087,"0"
5088,"0"
5089,"1"
5090,"8"
5091,"6"
5092,"8"
5093,"0"
5094,"7"
5095,"1"
5096,"3"
5097,"5"
5098,"9"
5099,"3"
5100,"7"
5101,"3"
5102,"3"
5103,"1"
5104,"8"
5105,"4"
5106,"6"
5107,"4"
5108,"2"
5109,"8"
5110,"7"
5111,"4"
5112,"1"
5113,"4"
5114,"1"
5115,"1"
5116,"9"
5117,"6"
5118,"6"
5119,"6"
5120,"9"
5121,"8"
5122,"5"
5123,"1"
5124,"3"
5125,"4"
5126,"0"
5127,"9"
5128,"2"
5129,"3"
5130,"3"
5131,"9"
5132,"5"
5133,"3"
5134,"0"
5135,"9"
5136,"4"
5137,"3"
5138,"8"
5139,"3"
5140,"9"
5141,"6"
5142,"4"
5143,"2"
5144,"0"
5145,"0"
5146,"9"
5147,"7"
5148,"1"
5149,"4"
5150,"7"
5151,"2"
5152,"4"
5153,"2"
5154,"7"
5155,"5"
5156,"4"
5157,"1"
5158,"4"
5159,"3"
5160,"9"
5161,"8"
5162,"5"
5163,"3"
5164,"5"
5165,"9"
5166,"7"
5167,"3"
5168,"4"
5169,"3"
5170,"2"
5171,"5"
5172,"4"
5173,"9"
5174,"1"
5175,"9"
5176,"3"
5177,"8"
5178,"4"
5179,"0"
5180,"8"
5181,"8"
5182,"7"
5183,"7"
5184,"7"
5185,"7"
5186,"4"
5187,"8"
5188,"6"
5189,"4"
5190,"9"
5191,"3"
5192,"6"
5193,"4"
5194,"2"
5195,"6"
5196,"8"
5197,"1"
5198,"2"
5199,"4"
5200,"1"
5201,"0"
5202,"9"
5203,"9"
5204,"8"
5205,"0"
5206,"4"
5207,"7"
5208,"2"
5209,"4"
5210,"6"
5211,"6"
5212,"3"
5213,"3"
5214,"1"
5215,"0"
5216,"8"
5217,"0"
5218,"6"
5219,"4"
5220,"4"
5221,"5"
5222,"9"
5223,"9"
5224,"6"
5225,"9"
5226,"8"
5227,"0"
5228,"8"
5229,"2"
5230,"9"
5231,"9"
5232,"8"
5233,"7"
5234,"8"
5235,"0"
5236,"8"
5237,"2"
5238,"3"
5239,"9"
5240,"6"
5241,"6"
5242,"0"
5243,"3"
5244,"9"
5245,"9"
5246,"8"
5247,"6"
5248,"7"
5249,"8"
5250,"3"
5251,"6"
5252,"2"
5253,"2"
5254,"1"
5255,"0"
5256,"6"
5257,"7"
5258,"6"
5259,"2"
5260,"4"
5261,"6"
5262,"7"
5263,"1"
5264,"7"
5265,"9"
5266,"9"
5267,"1"
5268,"2"
5269,"7"
5270,"2"
5271,"1"
5272,"3"
5273,"0"
5274,"2"
5275,"6"
5276,"3"
5277,"0"
5278,"8"
5279,"4"
5280,"8"
5281,"2"
5282,"7"
5283,"3"
5284,"6"
5285,"0"
5286,"4"
5287,"7"
5288,"1"
5289,"6"
5290,"3"
5291,"1"
5292,"9"
5293,"5"
5294,"3"
5295,"6"
5296,"7"
5297,"2"
5298,"1"
5299,"1"
5300,"9"
5301,"2"
5302,"0"
5303,"4"
5304,"5"
5305,"7"
5306,"6"
5307,"7"
5308,"1"
5309,"1"
5310,"6"
5311,"9"
5312,"0"
5313,"3"
5314,"5"
5315,"0"
5316,"0"
5317,"9"
5318,"2"
5319,"0"
5320,"4"
5321,"6"
5322,"2"
5323,"2"
5324,"1"
5325,"2"
5326,"2"
5327,"1"
5328,"7"
5329,"1"
5330,"9"
5331,"7"
5332,"2"
5333,"5"
5334,"1"
5335,"0"
5336,"1"
5337,"5"
5338,"3"
5339,"9"
5340,"9"
5341,"6"
5342,"9"
5343,"2"
5344,"5"
5345,"2"
5346,"0"
5347,"1"
5348,"0"
5349,"8"
5350,"6"
5351,"1"
5352,"6"
5353,"6"
5354,"4"
5355,"2"
5356,"1"
5357,"0"
5358,"4"
5359,"2"
5360,"6"
5361,"2"
5362,"4"
5363,"3"
5364,"3"
5365,"3"
5366,"5"
5367,"1"
5368,"7"
5369,"8"
5370,"8"
5371,"5"
5372,"7"
5373,"2"
5374,"3"
5375,"7"
5376,"4"
5377,"2"
5378,"1"
5379,"9"
5380,"8"
5381,"6"
5382,"6"
5383,"8"
5384,"3"
5385,"9"
5386,"4"
5387,"2"
5388,"0"
5389,"0"
5390,"2"
5391,"2"
5392,"6"
5393,"4"
5394,"7"
5395,"4"
5396,"1"
5397,"9"
5398,"0"
5399,"6"
5400,"9"
5401,"9"
5402,"6"
5403,"1"
5404,"5"
5405,"9"
5406,"3"
5407,"7"
5408,"2"
5409,"3"
5410,"5"
5411,"2"
5412,"0"
5413,"3"
5414,"0"
5415,"6"
5416,"4"
5417,"7"
5418,"7"
5419,"4"
5420,"7"
5421,"7"
5422,"5"
5423,"3"
5424,"9"
5425,"1"
5426,"0"
5427,"0"
5428,"6"
5429,"9"
5430,"3"
5431,"2"
5432,"5"
5433,"0"
5434,"1"
5435,"8"
5436,"0"
5437,"2"
5438,"6"
5439,"7"
5440,"3"
5441,"4"
5442,"0"
5443,"7"
5444,"0"
5445,"3"
5446,"9"
5447,"7"
5448,"8"
5449,"4"
5450,"5"
5451,"9"
5452,"7"
5453,"2"
5454,"3"
5455,"5"
5456,"2"
5457,"2"
5458,"9"
5459,"9"
5460,"8"
5461,"8"
5462,"1"
5463,"9"
5464,"5"
5465,"7"
5466,"4"
5467,"9"
5468,"5"
5469,"1"
5470,"4"
5471,"6"
5472,"8"
5473,"2"
5474,"6"
5475,"5"
5476,"6"
5477,"1"
5478,"0"
5479,"8"
5480,"1"
5481,"3"
5482,"9"
5483,"7"
5484,"6"
5485,"8"
5486,"0"
5487,"5"
5488,"8"
5489,"2"
5490,"8"
5491,"1"
5492,"8"
5493,"0"
5494,"0"
5495,"2"
5496,"4"
5497,"6"
5498,"4"
5499,"9"
5500,"7"
5501,"4"
5502,"9"
5503,"3"
5504,"1"
5505,"5"
5506,"0"
5507,"7"
5508,"4"
5509,"2"
5510,"6"
5511,"6"
5512,"4"
5513,"6"
5514,"1"
5515,"7"
5516,"4"
5517,"0"
5518,"2"
5519,"0"
5520,"6"
5521,"9"
5522,"1"
5523,"4"
5524,"1"
5525,"3"
5526,"4"
5527,"3"
5528,"6"
5529,"9"
5530,"1"
5531,"5"
5532,"6"
5533,"2"
5534,"0"
5535,"9"
5536,"7"
5537,"2"
5538,"8"
5539,"5"
5540,"6"
5541,"9"
5542,"1"
5543,"3"
5544,"8"
5545,"2"
5546,"0"
5547,"3"
5548,"5"
5549,"3"
5550,"0"
5551,"4"
5552,"2"
5553,"1"
5554,"8"
5555,"2"
5556,"6"
5557,"0"
5558,"3"
5559,"9"
5560,"2"
5561,"9"
5562,"8"
5563,"0"
5564,"7"
5565,"1"
5566,"5"
5567,"7"
5568,"4"
5569,"4"
5570,"6"
5571,"8"
5572,"9"
5573,"3"
5574,"5"
5575,"1"
5576,"5"
5577,"7"
5578,"3"
5579,"9"
5580,"7"
5581,"1"
5582,"6"
5583,"6"
5584,"8"
5585,"0"
5586,"8"
5587,"6"
5588,"9"
5589,"6"
5590,"8"
5591,"2"
5592,"8"
5593,"4"
5594,"6"
5595,"8"
5596,"0"
5597,"1"
5598,"3"
5599,"2"
5600,"3"
5601,"6"
5602,"4"
5603,"1"
5604,"6"
5605,"1"
5606,"8"
5607,"0"
5608,"5"
5609,"5"
5610,"7"
5611,"9"
5612,"6"
5613,"5"
5614,"7"
5615,"8"
5616,"4"
5617,"9"
5618,"7"
5619,"2"
5620,"6"
5621,"7"
5622,"0"
5623,"2"
5624,"6"
5625,"0"
5626,"1"
5627,"2"
5628,"0"
5629,"0"
5630,"0"
5631,"0"
5632,"1"
5633,"4"
5634,"6"
5635,"2"
5636,"7"
5637,"3"
5638,"4"
5639,"0"
5640,"3"
5641,"0"
5642,"1"
5643,"6"
5644,"7"
5645,"4"
5646,"4"
5647,"9"
5648,"6"
5649,"1"
5650,"1"
5651,"5"
5652,"2"
5653,"5"
5654,"6"
5655,"3"
5656,"4"
5657,"6"
5658,"6"
5659,"4"
5660,"0"
5661,"1"
5662,"3"
5663,"1"
5664,"8"
5665,"7"
5666,"3"
5667,"5"
5668,"5"
5669,"4"
5670,"2"
5671,"6"
5672,"0"
5673,"0"
5674,"1"
5675,"3"
5676,"6"
5677,"5"
5678,"3"
5679,"8"
5680,"7"
5681,"0"
5682,"0"
5683,"5"
5684,"0"
5685,"0"
5686,"8"
5687,"1"
5688,"6"
5689,"1"
5690,"9"
5691,"2"
5692,"7"
5693,"8"
5694,"4"
5695,"1"
5696,"6"
5697,"4"
5698,"1"
5699,"2"
5700,"8"
5701,"9"
5702,"5"
5703,"6"
5704,"7"
5705,"3"
5706,"3"
5707,"5"
5708,"8"
5709,"1"
5710,"9"
5711,"8"
5712,"8"
5713,"3"
5714,"0"
5715,"7"
5716,"5"
5717,"7"
5718,"1"
5719,"6"
5720,"5"
5721,"4"
5722,"5"
5723,"9"
5724,"2"
5725,"1"
5726,"9"
5727,"2"
5728,"5"
5729,"4"
5730,"5"
5731,"0"
5732,"7"
5733,"2"
5734,"6"
5735,"8"
5736,"1"
5737,"8"
5738,"2"
5739,"9"
5740,"2"
5741,"2"
5742,"7"
5743,"9"
5744,"6"
5745,"0"
5746,"3"
5747,"1"
5748,"0"
5749,"5"
5750,"6"
5751,"7"
5752,"9"
5753,"7"
5754,"1"
5755,"9"
5756,"4"
5757,"8"
5758,"8"
5759,"9"
5760,"3"
5761,"1"
5762,"1"
5763,"5"
5764,"6"
5765,"4"
5766,"8"
5767,"4"
5768,"8"
5769,"8"
5770,"8"
5771,"1"
5772,"4"
5773,"1"
5774,"7"
5775,"1"
5776,"6"
5777,"0"
5778,"9"
5779,"5"
5780,"5"
5781,"6"
5782,"0"
5783,"0"
5784,"0"
5785,"1"
5786,"5"
5787,"6"
5788,"7"
5789,"8"
5790,"6"
5791,"1"
5792,"5"
5793,"8"
5794,"1"
5795,"0"
5796,"9"
5797,"2"
5798,"8"
5799,"5"
5800,"5"
5801,"0"
5802,"2"
5803,"8"
5804,"4"
5805,"0"
5806,"8"
5807,"0"
5808,"3"
5809,"1"
5810,"1"
5811,"5"
5812,"8"
5813,"0"
5814,"2"
5815,"1"
5816,"1"
5817,"3"
5818,"2"
5819,"7"
5820,"5"
5821,"2"
5822,"3"
5823,"3"
5824,"1"
5825,"1"
5826,"7"
5827,"8"
5828,"7"
5829,"2"
5830,"2"
5831,"7"
5832,"4"
5833,"2"
5834,"0"
5835,"4"
5836,"6"
5837,"6"
5838,"9"
5839,"6"
5840,"6"
5841,"1"
5842,"8"
5843,"3"
5844,"1"
5845,"1"
5846,"2"
5847,"8"
5848,"2"
5849,"4"
5850,"7"
5851,"0"
5852,"2"
5853,"6"
5854,"9"
5855,"0"
5856,"2"
5857,"2"
5858,"3"
5859,"9"
5860,"4"
5861,"8"
5862,"1"
5863,"8"
5864,"2"
5865,"4"
5866,"2"
5867,"7"
5868,"1"
5869,"0"
5870,"4"
5871,"0"
5872,"7"
5873,"4"
5874,"3"
5875,"7"
5876,"6"
5877,"0"
5878,"9"
5879,"4"
5880,"3"
5881,"9"
5882,"3"
5883,"8"
5884,"5"
5885,"9"
5886,"5"
5887,"3"
5888,"9"
5889,"7"
5890,"9"
5891,"6"
5892,"2"
5893,"3"
5894,"2"
5895,"0"
5896,"5"
5897,"1"
5898,"3"
5899,"1"
5900,"1"
5901,"7"
5902,"9"
5903,"8"
5904,"4"
5905,"2"
5906,"0"
5907,"2"
5908,"0"
5909,"5"
5910,"0"
5911,"0"
5912,"2"
5913,"8"
5914,"8"
5915,"1"
5916,"5"
5917,"3"
5918,"7"
5919,"8"
5920,"1"
5921,"9"
5922,"2"
5923,"7"
5924,"2"
5925,"8"
5926,"0"
5927,"3"
5928,"8"
5929,"9"
5930,"6"
5931,"5"
5932,"3"
5933,"3"
5934,"0"
5935,"8"
5936,"2"
5937,"6"
5938,"3"
5939,"2"
5940,"8"
5941,"4"
5942,"3"
5943,"0"
5944,"5"
5945,"7"
5946,"4"
5947,"2"
5948,"7"
5949,"0"
5950,"8"
5951,"9"
5952,"3"
5953,"7"
5954,"9"
5955,"5"
5956,"7"
5957,"0"
5958,"7"
5959,"9"
5960,"4"
5961,"3"
5962,"1"
5963,"1"
5964,"6"
5965,"5"
5966,"9"
5967,"3"
5968,"3"
5969,"0"
5970,"0"
5971,"4"
5972,"3"
5973,"8"
5974,"1"
5975,"2"
5976,"2"
5977,"6"
5978,"4"
5979,"8"
5980,"5"
5981,"9"
5982,"3"
5983,"0"
5984,"7"
5985,"5"
5986,"1"
5987,"3"
5988,"4"
5989,"0"
5990,"4"
5991,"4"
5992,"1"
5993,"0"
5994,"5"
5995,"3"
5996,"7"
5997,"1"
5998,"9"
5999,"8"
6000,"4"
6001,"1"
6002,"5"
6003,"6"
6004,"7"
6005,"8"
6006,"9"
6007,"7"
6008,"7"
6009,"2"
6010,"1"
6011,"6"
6012,"1"
6013,"3"
6014,"1"
6015,"2"
6016,"5"
6017,"6"
6018,"1"
6019,"9"
6020,"9"
6021,"4"
6022,"9"
6023,"1"
6024,"4"
6025,"9"
6026,"1"
6027,"7"
6028,"1"
6029,"5"
6030,"7"
6031,"4"
6032,"5"
6033,"7"
6034,"3"
6035,"1"
6036,"0"
6037,"8"
6038,"1"
6039,"8"
6040,"2"
6041,"9"
6042,"4"
6043,"6"
6044,"7"
6045,"2"
6046,"4"
6047,"0"
6048,"5"
6049,"2"
6050,"2"
6051,"4"
6052,"0"
6053,"4"
6054,"9"
6055,"3"
6056,"5"
6057,"5"
6058,"5"
6059,"3"
6060,"4"
6061,"3"
6062,"8"
6063,"7"
6064,"3"
6065,"5"
6066,"0"
6067,"4"
6068,"2"
6069,"4"
6070,"3"
6071,"2"
6072,"5"
6073,"0"
6074,"8"
6075,"8"
6076,"3"
6077,"2"
6078,"4"
6079,"8"
6080,"4"
6081,"1"
6082,"6"
6083,"1"
6084,"9"
6085,"2"
6086,"5"
6087,"3"
6088,"5"
6089,"1"
6090,"6"
6091,"9"
6092,"3"
6093,"9"
6094,"4"
6095,"8"
6096,"5"
6097,"8"
6098,"3"
6099,"7"
6100,"7"
6101,"8"
6102,"3"
6103,"7"
6104,"1"
6105,"1"
6106,"9"
6107,"8"
6108,"6"
6109,"4"
6110,"4"
6111,"9"
6112,"7"
6113,"7"
6114,"0"
6115,"4"
6116,"5"
6117,"7"
6118,"8"
6119,"5"
6120,"1"
6121,"2"
6122,"0"
6123,"2"
6124,"7"
6125,"1"
6126,"7"
6127,"7"
6128,"4"
6129,"1"
6130,"1"
6131,"8"
6132,"2"
6133,"3"
6134,"2"
6135,"7"
6136,"2"
6137,"8"
6138,"3"
6139,"9"
6140,"7"
6141,"9"
6142,"6"
6143,"8"
6144,"7"
6145,"3"
6146,"7"
6147,"1"
6148,"6"
6149,"2"
6150,"6"
6151,"6"
6152,"7"
6153,"9"
6154,"9"
6155,"2"
6156,"6"
6157,"9"
6158,"0"
6159,"3"
6160,"4"
6161,"1"
6162,"5"
6163,"3"
6164,"0"
6165,"3"
6166,"5"
6167,"1"
6168,"2"
6169,"1"
6170,"1"
6171,"9"
6172,"3"
6173,"3"
6174,"2"
6175,"8"
6176,"8"
6177,"8"
6178,"1"
6179,"2"
6180,"5"
6181,"3"
6182,"4"
6183,"1"
6184,"0"
6185,"3"
6186,"5"
6187,"1"
6188,"3"
6189,"9"
6190,"4"
6191,"8"
6192,"9"
6193,"1"
6194,"4"
6195,"4"
6196,"3"
6197,"9"
6198,"1"
6199,"6"
6200,"8"
6201,"0"
6202,"4"
6203,"4"
6204,"3"
6205,"6"
6206,"9"
6207,"7"
6208,"4"
6209,"8"
6210,"3"
6211,"2"
6212,"9"
6213,"5"
6214,"3"
6215,"7"
6216,"3"
6217,"4"
6218,"2"
6219,"2"
6220,"4"
6221,"2"
6222,"1"
6223,"3"
6224,"9"
6225,"0"
6226,"8"
6227,"3"
6228,"2"
6229,"7"
6230,"8"
6231,"4"
6232,"9"
6233,"9"
6234,"9"
6235,"7"
6236,"1"
6237,"2"
6238,"0"
6239,"0"
6240,"9"
6241,"3"
6242,"9"
6243,"8"
6244,"3"
6245,"1"
6246,"0"
6247,"2"
6248,"2"
6249,"1"
6250,"7"
6251,"7"
6252,"2"
6253,"2"
6254,"1"
6255,"6"
6256,"7"
6257,"6"
6258,"1"
6259,"7"
6260,"1"
6261,"4"
6262,"2"
6263,"8"
6264,"0"
6265,"0"
6266,"8"
6267,"7"
6268,"5"
6269,"5"
6270,"3"
6271,"5"
6272,"0"
6273,"8"
6274,"3"
6275,"2"
6276,"2"
6277,"4"
6278,"8"
6279,"3"
6280,"7"
6281,"2"
6282,"0"
6283,"0"
6284,"3"
6285,"1"
6286,"4"
6287,"2"
6288,"8"
6289,"4"
6290,"2"
6291,"3"
6292,"0"
6293,"2"
6294,"8"
6295,"4"
6296,"8"
6297,"7"
6298,"1"
6299,"0"
6300,"7"
6301,"0"
6302,"6"
6303,"4"
6304,"4"
6305,"5"
6306,"7"
6307,"8"
6308,"6"
6309,"6"
6310,"6"
6311,"5"
6312,"0"
6313,"7"
6314,"5"
6315,"1"
6316,"7"
6317,"4"
6318,"4"
6319,"1"
6320,"3"
6321,"1"
6322,"8"
6323,"6"
6324,"7"
6325,"5"
6326,"8"
6327,"1"
6328,"7"
6329,"6"
6330,"0"
6331,"5"
6332,"8"
6333,"9"
6334,"7"
6335,"3"
6336,"3"
6337,"3"
6338,"2"
6339,"5"
6340,"7"
6341,"2"
6342,"1"
6343,"6"
6344,"7"
6345,"9"
6346,"9"
6347,"6"
6348,"7"
6349,"2"
6350,"5"
6351,"1"
6352,"8"
6353,"3"
6354,"0"
6355,"2"
6356,"8"
6357,"9"
6358,"9"
6359,"8"
6360,"7"
6361,"4"
6362,"3"
6363,"0"
6364,"3"
6365,"7"
6366,"7"
6367,"4"
6368,"0"
6369,"9"
6370,"4"
6371,"8"
6372,"3"
6373,"7"
6374,"2"
6375,"0"
6376,"4"
6377,"3"
6378,"5"
6379,"8"
6380,"4"
6381,"4"
6382,"8"
6383,"6"
6384,"1"
6385,"4"
6386,"0"
6387,"8"
6388,"9"
6389,"8"
6390,"6"
6391,"7"
6392,"7"
6393,"0"
6394,"3"
6395,"8"
6396,"1"
6397,"7"
6398,"2"
6399,"8"
6400,"8"
6401,"8"
6402,"7"
6403,"9"
6404,"8"
6405,"5"
6406,"8"
6407,"1"
6408,"2"
6409,"2"
6410,"7"
6411,"9"
6412,"0"
6413,"2"
6414,"9"
6415,"1"
6416,"1"
6417,"7"
6418,"7"
6419,"8"
6420,"2"
6421,"9"
6422,"5"
6423,"4"
6424,"0"
6425,"9"
6426,"0"
6427,"6"
6428,"9"
6429,"5"
6430,"6"
6431,"6"
6432,"3"
6433,"5"
6434,"2"
6435,"0"
6436,"1"
6437,"2"
6438,"1"
6439,"4"
6440,"4"
6441,"7"
6442,"1"
6443,"2"
6444,"3"
6445,"9"
6446,"8"
6447,"6"
6448,"2"
6449,"5"
6450,"7"
6451,"0"
6452,"1"
6453,"1"
6454,"9"
6455,"1"
6456,"2"
6457,"4"
6458,"4"
6459,"6"
6460,"2"
6461,"0"
6462,"8"
6463,"0"
6464,"1"
6465,"4"
6466,"4"
6467,"1"
6468,"7"
6469,"4"
6470,"3"
6471,"3"
6472,"0"
6473,"0"
6474,"8"
6475,"9"
6476,"3"
6477,"0"
6478,"7"
6479,"9"
6480,"9"
6481,"5"
6482,"9"
6483,"6"
6484,"6"
6485,"2"
6486,"1"
6487,"5"
6488,"3"
6489,"1"
6490,"7"
6491,"8"
6492,"2"
6493,"8"
6494,"7"
6495,"4"
6496,"5"
6497,"7"
6498,"2"
6499,"0"
6500,"5"
6501,"5"
6502,"1"
6503,"9"
6504,"1"
6505,"2"
6506,"0"
6507,"1"
6508,"9"
6509,"2"
6510,"1"
6511,"5"
6512,"0"
6513,"0"
6514,"4"
6515,"0"
6516,"0"
6517,"2"
6518,"2"
6519,"9"
6520,"9"
6521,"9"
6522,"1"
6523,"0"
6524,"2"
6525,"8"
6526,"3"
6527,"3"
6528,"5"
6529,"8"
6530,"7"
6531,"1"
6532,"3"
6533,"5"
6534,"5"
6535,"5"
6536,"7"
6537,"3"
6538,"1"
6539,"1"
6540,"2"
6541,"6"
6542,"8"
6543,"1"
6544,"1"
6545,"1"
6546,"6"
6547,"7"
6548,"5"
6549,"8"
6550,"0"
6551,"3"
6552,"4"
6553,"1"
6554,"5"
6555,"6"
6556,"8"
6557,"6"
6558,"5"
6559,"4"
6560,"8"
6561,"8"
6562,"2"
6563,"4"
6564,"2"
6565,"9"
6566,"1"
6567,"3"
6568,"7"
6569,"3"
6570,"1"
6571,"3"
6572,"0"
6573,"6"
6574,"0"
6575,"2"
6576,"4"
6577,"0"
6578,"2"
6579,"0"
6580,"0"
6581,"4"
6582,"2"
6583,"2"
6584,"1"
6585,"7"
6586,"9"
6587,"6"
6588,"9"
6589,"0"
6590,"7"
6591,"2"
6592,"3"
6593,"6"
6594,"7"
6595,"3"
6596,"6"
6597,"5"
6598,"8"
6599,"6"
6600,"6"
6601,"5"
6602,"9"
6603,"9"
6604,"6"
6605,"7"
6606,"5"
6607,"2"
6608,"5"
6609,"2"
6610,"6"
6611,"3"
6612,"4"
6613,"7"
6614,"3"
6615,"1"
6616,"9"
6617,"8"
6618,"2"
6619,"2"
6620,"1"
6621,"5"
6622,"3"
6623,"9"
6624,"1"
6625,"0"
6626,"0"
6627,"9"
6628,"7"
6629,"0"
6630,"7"
6631,"6"
6632,"5"
6633,"0"
6634,"2"
6635,"0"
6636,"2"
6637,"8"
6638,"0"
6639,"3"
6640,"6"
6641,"8"
6642,"7"
6643,"4"
6644,"4"
6645,"8"
6646,"8"
6647,"3"
6648,"7"
6649,"6"
6650,"7"
6651,"8"
6652,"7"
6653,"2"
6654,"8"
6655,"1"
6656,"1"
6657,"6"
6658,"0"
6659,"1"
6660,"6"
6661,"2"
6662,"7"
6663,"8"
6664,"5"
6665,"7"
6666,"7"
6667,"7"
6668,"7"
6669,"5"
6670,"4"
6671,"1"
6672,"4"
6673,"3"
6674,"9"
6675,"8"
6676,"7"
6677,"5"
6678,"8"
6679,"1"
6680,"5"
6681,"3"
6682,"9"
6683,"3"
6684,"5"
6685,"7"
6686,"5"
6687,"3"
6688,"1"
6689,"2"
6690,"1"
6691,"6"
6692,"6"
6693,"7"
6694,"3"
6695,"1"
6696,"3"
6697,"0"
6698,"3"
6699,"3"
6700,"0"
6701,"2"
6702,"1"
6703,"2"
6704,"1"
6705,"6"
6706,"5"
6707,"7"
6708,"9"
6709,"0"
6710,"7"
6711,"4"
6712,"8"
6713,"8"
6714,"3"
6715,"2"
6716,"5"
6717,"2"
6718,"7"
6719,"7"
6720,"7"
6721,"9"
6722,"8"
6723,"9"
6724,"0"
6725,"7"
6726,"7"
6727,"6"
6728,"5"
6729,"2"
6730,"8"
6731,"4"
6732,"4"
6733,"8"
6734,"1"
6735,"9"
6736,"7"
6737,"4"
6738,"6"
6739,"4"
6740,"4"
6741,"0"
6742,"0"
6743,"9"
6744,"8"
6745,"9"
6746,"8"
6747,"4"
6748,"6"
6749,"1"
6750,"1"
6751,"6"
6752,"4"
6753,"7"
6754,"9"
6755,"6"
6756,"9"
6757,"6"
6758,"7"
6759,"5"
6760,"9"
6761,"0"
6762,"1"
6763,"2"
6764,"5"
6765,"9"
6766,"4"
6767,"8"
6768,"1"
6769,"7"
6770,"1"
6771,"5"
6772,"8"
6773,"1"
6774,"2"
6775,"3"
6776,"7"
6777,"2"
6778,"8"
6779,"4"
6780,"4"
6781,"3"
6782,"0"
6783,"7"
6784,"7"
6785,"1"
6786,"5"
6787,"0"
6788,"0"
6789,"5"
6790,"7"
6791,"0"
6792,"7"
6793,"2"
6794,"0"
6795,"9"
6796,"6"
6797,"0"
6798,"2"
6799,"5"
6800,"5"
6801,"9"
6802,"1"
6803,"4"
6804,"0"
6805,"3"
6806,"1"
6807,"9"
6808,"9"
6809,"2"
6810,"1"
6811,"0"
6812,"0"
6813,"8"
6814,"2"
6815,"8"
6816,"9"
6817,"1"
6818,"0"
6819,"3"
6820,"0"
6821,"8"
6822,"8"
6823,"1"
6824,"9"
6825,"2"
6826,"7"
6827,"8"
6828,"5"
6829,"9"
6830,"7"
6831,"2"
6832,"2"
6833,"6"
6834,"7"
6835,"1"
6836,"3"
6837,"1"
6838,"1"
6839,"3"
6840,"4"
6841,"9"
6842,"3"
6843,"2"
6844,"5"
6845,"6"
6846,"4"
6847,"9"
6848,"4"
6849,"7"
6850,"9"
6851,"1"
6852,"1"
6853,"9"
6854,"2"
6855,"5"
6856,"1"
6857,"6"
6858,"8"
6859,"5"
6860,"7"
6861,"9"
6862,"4"
6863,"2"
6864,"7"
6865,"8"
6866,"4"
6867,"8"
6868,"9"
6869,"8"
6870,"5"
6871,"5"
6872,"2"
6873,"1"
6874,"1"
6875,"5"
6876,"2"
6877,"7"
6878,"6"
6879,"9"
6880,"3"
6881,"5"
6882,"0"
6883,"8"
6884,"8"
6885,"9"
6886,"8"
6887,"3"
6888,"4"
6889,"9"
6890,"5"
6891,"0"
6892,"0"
6893,"8"
6894,"2"
6895,"6"
6896,"1"
6897,"6"
6898,"7"
6899,"3"
6900,"2"
6901,"3"
6902,"8"
6903,"0"
6904,"9"
6905,"7"
6906,"7"
6907,"5"
6908,"3"
6909,"3"
6910,"5"
6911,"9"
6912,"8"
6913,"5"
6914,"7"
6915,"6"
6916,"1"
6917,"1"
6918,"4"
6919,"8"
6920,"0"
6921,"1"
6922,"2"
6923,"8"
6924,"5"
6925,"5"
6926,"0"
6927,"4"
6928,"7"
6929,"3"
6930,"8"
6931,"5"
6932,"4"
6933,"1"
6934,"5"
6935,"9"
6936,"2"
6937,"2"
6938,"8"
6939,"7"
6940,"3"
6941,"4"
6942,"3"
6943,"8"
6944,"0"
6945,"7"
6946,"5"
6947,"1"
6948,"4"
6949,"8"
6950,"6"
6951,"4"
6952,"4"
6953,"0"
6954,"1"
6955,"0"
6956,"4"
6957,"7"
6958,"6"
6959,"2"
6960,"3"
6961,"1"
6962,"6"
6963,"7"
6964,"7"
6965,"7"
6966,"3"
6967,"1"
6968,"7"
6969,"2"
6970,"1"
6971,"1"
6972,"6"
6973,"7"
6974,"7"
6975,"4"
6976,"2"
6977,"1"
6978,"7"
6979,"1"
6980,"1"
6981,"8"
6982,"7"
6983,"5"
6984,"9"
6985,"2"
6986,"0"
6987,"5"
6988,"2"
6989,"9"
6990,"1"
6991,"5"
6992,"7"
6993,"6"
6994,"9"
6995,"6"
6996,"6"
6997,"7"
6998,"1"
6999,"0"
7000,"6"
7001,"1"
7002,"3"
7003,"3"
7004,"0"
7005,"9"
7006,"3"
7007,"9"
7008,"2"
7009,"5"
7010,"4"
7011,"8"
7012,"0"
7013,"0"
7014,"0"
7015,"7"
7016,"6"
7017,"6"
7018,"2"
7019,"4"
7020,"1"
7021,"6"
7022,"6"
7023,"5"
7024,"0"
7025,"0"
7026,"1"
7027,"0"
7028,"5"
7029,"6"
7030,"1"
7031,"6"
7032,"2"
7033,"7"
7034,"2"
7035,"1"
7036,"6"
7037,"9"
7038,"1"
7039,"2"
7040,"7"
7041,"6"
7042,"2"
7043,"8"
7044,"7"
7045,"3"
7046,"8"
7047,"0"
7048,"6"
7049,"5"
7050,"3"
7051,"8"
7052,"7"
7053,"1"
7054,"7"
7055,"2"
7056,"1"
7057,"4"
7058,"6"
7059,"0"
7060,"2"
7061,"0"
7062,"9"
7063,"0"
7064,"8"
7065,"7"
7066,"4"
7067,"9"
7068,"8"
7069,"9"
7070,"7"
7071,"6"
7072,"1"
7073,"3"
7074,"6"
7075,"9"
7076,"3"
7077,"1"
7078,"8"
7079,"9"
7080,"9"
7081,"4"
7082,"3"
7083,"4"
7084,"9"
7085,"8"
7086,"6"
7087,"5"
7088,"4"
7089,"2"
7090,"2"
7091,"4"
7092,"9"
7093,"9"
7094,"1"
7095,"8"
7096,"2"
7097,"4"
7098,"6"
7099,"7"
7100,"2"
7101,"2"
7102,"3"
7103,"3"
7104,"4"
7105,"1"
7106,"3"
7107,"1"
7108,"5"
7109,"7"
7110,"2"
7111,"6"
7112,"5"
7113,"2"
7114,"8"
7115,"5"
7116,"3"
7117,"7"
7118,"8"
7119,"2"
7120,"2"
7121,"8"
7122,"7"
7123,"4"
7124,"8"
7125,"2"
7126,"3"
7127,"5"
7128,"1"
7129,"4"
7130,"5"
7131,"1"
7132,"3"
7133,"0"
7134,"1"
7135,"2"
7136,"9"
7137,"6"
7138,"3"
7139,"4"
7140,"3"
7141,"6"
7142,"3"
7143,"0"
7144,"4"
7145,"5"
7146,"0"
7147,"0"
7148,"7"
7149,"3"
7150,"4"
7151,"8"
7152,"9"
7153,"4"
7154,"8"
7155,"2"
7156,"0"
7157,"8"
7158,"7"
7159,"6"
7160,"2"
7161,"1"
7162,"8"
7163,"0"
7164,"0"
7165,"0"
7166,"8"
7167,"1"
7168,"8"
7169,"3"
7170,"3"
7171,"6"
7172,"7"
7173,"3"
7174,"2"
7175,"6"
7176,"2"
7177,"9"
7178,"3"
7179,"4"
7180,"3"
7181,"0"
7182,"4"
7183,"3"
7184,"8"
7185,"7"
7186,"5"
7187,"0"
7188,"5"
7189,"0"
7190,"9"
7191,"9"
7192,"5"
7193,"6"
7194,"2"
7195,"8"
7196,"2"
7197,"2"
7198,"8"
7199,"1"
7200,"0"
7201,"6"
7202,"2"
7203,"8"
7204,"2"
7205,"1"
7206,"8"
7207,"6"
7208,"7"
7209,"4"
7210,"8"
7211,"9"
7212,"6"
7213,"2"
7214,"4"
7215,"8"
7216,"0"
7217,"4"
7218,"2"
7219,"9"
7220,"5"
7221,"8"
7222,"7"
7223,"2"
7224,"2"
7225,"3"
7226,"3"
7227,"2"
7228,"7"
7229,"6"
7230,"2"
7231,"2"
7232,"7"
7233,"4"
7234,"1"
7235,"7"
7236,"1"
7237,"8"
7238,"2"
7239,"5"
7240,"7"
7241,"8"
7242,"7"
7243,"9"
7244,"4"
7245,"8"
7246,"5"
7247,"6"
7248,"8"
7249,"2"
7250,"3"
7251,"1"
7252,"0"
7253,"5"
7254,"6"
7255,"6"
7256,"0"
7257,"8"
7258,"1"
7259,"2"
7260,"7"
7261,"4"
7262,"8"
7263,"7"
7264,"1"
7265,"6"
7266,"8"
7267,"2"
7268,"0"
7269,"2"
7270,"6"
7271,"6"
7272,"2"
7273,"8"
7274,"0"
7275,"0"
7276,"8"
7277,"2"
7278,"8"
7279,"4"
7280,"5"
7281,"3"
7282,"6"
7283,"9"
7284,"7"
7285,"0"
7286,"0"
7287,"4"
7288,"7"
7289,"5"
7290,"6"
7291,"3"
7292,"5"
7293,"6"
7294,"8"
7295,"8"
7296,"7"
7297,"4"
7298,"4"
7299,"1"
7300,"8"
7301,"9"
7302,"5"
7303,"5"
7304,"0"
7305,"5"
7306,"0"
7307,"6"
7308,"3"
7309,"1"
7310,"0"
7311,"7"
7312,"8"
7313,"6"
7314,"1"
7315,"2"
7316,"9"
7317,"4"
7318,"1"
7319,"5"
7320,"1"
7321,"6"
7322,"4"
7323,"4"
7324,"3"
7325,"3"
7326,"1"
7327,"4"
7328,"7"
7329,"1"
7330,"6"
7331,"8"
7332,"2"
7333,"8"
7334,"7"
7335,"7"
7336,"3"
7337,"6"
7338,"1"
7339,"4"
7340,"1"
7341,"6"
7342,"1"
7343,"4"
7344,"8"
7345,"9"
7346,"0"
7347,"3"
7348,"2"
7349,"4"
7350,"0"
7351,"2"
7352,"1"
7353,"6"
7354,"9"
7355,"1"
7356,"0"
7357,"1"
7358,"2"
7359,"0"
7360,"2"
7361,"7"
7362,"8"
7363,"1"
7364,"5"
7365,"6"
7366,"6"
7367,"8"
7368,"6"
7369,"2"
7370,"9"
7371,"6"
7372,"7"
7373,"3"
7374,"2"
7375,"2"
7376,"9"
7377,"4"
7378,"3"
7379,"2"
7380,"6"
7381,"5"
7382,"6"
7383,"9"
7384,"6"
7385,"9"
7386,"2"
7387,"2"
7388,"6"
7389,"7"
7390,"2"
7391,"8"
7392,"3"
7393,"2"
7394,"2"
7395,"9"
7396,"7"
7397,"0"
7398,"0"
7399,"7"
7400,"0"
7401,"6"
7402,"5"
7403,"1"
7404,"4"
7405,"3"
7406,"3"
7407,"3"
7408,"5"
7409,"5"
7410,"8"
7411,"4"
7412,"4"
7413,"6"
7414,"1"
7415,"9"
7416,"8"
7417,"9"
7418,"9"
7419,"4"
7420,"6"
7421,"9"
7422,"8"
7423,"9"
7424,"7"
7425,"7"
7426,"7"
7427,"5"
7428,"0"
7429,"8"
7430,"9"
7431,"7"
7432,"1"
7433,"5"
7434,"1"
7435,"5"
7436,"8"
7437,"8"
7438,"0"
7439,"5"
7440,"8"
7441,"6"
7442,"0"
7443,"0"
7444,"6"
7445,"0"
7446,"3"
7447,"3"
7448,"6"
7449,"0"
7450,"7"
7451,"8"
7452,"4"
7453,"3"
7454,"1"
7455,"3"
7456,"7"
7457,"5"
7458,"7"
7459,"2"
7460,"5"
7461,"1"
7462,"2"
7463,"4"
7464,"8"
7465,"3"
7466,"3"
7467,"8"
7468,"2"
7469,"0"
7470,"6"
7471,"9"
7472,"7"
7473,"6"
7474,"6"
7475,"3"
7476,"8"
7477,"3"
7478,"3"
7479,"5"
7480,"6"
7481,"3"
7482,"8"
7483,"0"
7484,"3"
7485,"1"
7486,"4"
7487,"4"
7488,"0"
7489,"6"
7490,"2"
7491,"2"
7492,"0"
7493,"8"
7494,"7"
7495,"0"
7496,"1"
7497,"5"
7498,"3"
7499,"6"
7500,"9"
7501,"5"
7502,"5"
7503,"7"
7504,"1"
7505,"8"
7506,"7"
7507,"1"
7508,"8"
7509,"8"
7510,"1"
7511,"9"
7512,"3"
7513,"6"
7514,"7"
7515,"5"
7516,"7"
7517,"2"
7518,"1"
7519,"0"
7520,"2"
7521,"1"
7522,"6"
7523,"0"
7524,"1"
7525,"2"
7526,"0"
7527,"4"
7528,"2"
7529,"1"
7530,"9"
7531,"7"
7532,"8"
7533,"9"
7534,"3"
7535,"1"
7536,"8"
7537,"4"
7538,"1"
7539,"8"
7540,"0"
7541,"4"
7542,"4"
7543,"4"
7544,"6"
7545,"8"
7546,"6"
7547,"9"
7548,"7"
7549,"7"
7550,"7"
7551,"0"
7552,"1"
7553,"1"
7554,"3"
7555,"2"
7556,"8"
7557,"9"
7558,"8"
7559,"1"
7560,"7"
7561,"6"
7562,"3"
7563,"0"
7564,"8"
7565,"0"
7566,"2"
7567,"3"
7568,"3"
7569,"3"
7570,"8"
7571,"5"
7572,"6"
7573,"0"
7574,"1"
7575,"7"
7576,"0"
7577,"3"
7578,"7"
7579,"7"
7580,"4"
7581,"2"
7582,"5"
7583,"7"
7584,"0"
7585,"5"
7586,"0"
7587,"8"
7588,"5"
7589,"4"
7590,"9"
7591,"7"
7592,"8"
7593,"1"
7594,"9"
7595,"2"
7596,"3"
7597,"0"
7598,"8"
7599,"7"
7600,"4"
7601,"4"
7602,"6"
7603,"0"
7604,"1"
7605,"3"
7606,"9"
7607,"0"
7608,"7"
7609,"7"
7610,"9"
7611,"0"
7612,"8"
7613,"1"
7614,"8"
7615,"0"
7616,"9"
7617,"0"
7618,"1"
7619,"8"
7620,"7"
7621,"6"
7622,"3"
7623,"7"
7624,"7"
7625,"1"
7626,"8"
7627,"8"
7628,"9"
7629,"3"
7630,"7"
7631,"7"
7632,"3"
7633,"3"
7634,"5"
7635,"0"
7636,"0"
7637,"5"
7638,"5"
7639,"5"
7640,"6"
7641,"2"
7642,"9"
7643,"0"
7644,"3"
7645,"4"
7646,"3"
7647,"7"
7648,"7"
7649,"4"
7650,"8"
7651,"5"
7652,"9"
7653,"9"
7654,"7"
7655,"8"
7656,"1"
7657,"8"
7658,"8"
7659,"8"
7660,"8"
7661,"0"
7662,"2"
7663,"1"
7664,"5"
7665,"1"
7666,"1"
7667,"0"
7668,"0"
7669,"3"
7670,"2"
7671,"9"
7672,"5"
7673,"5"
7674,"0"
7675,"2"
7676,"2"
7677,"2"
7678,"4"
7679,"0"
7680,"5"
7681,"3"
7682,"8"
7683,"2"
7684,"2"
7685,"6"
7686,"3"
7687,"8"
7688,"5"
7689,"7"
7690,"1"
7691,"4"
7692,"8"
7693,"5"
7694,"7"
7695,"7"
7696,"4"
7697,"7"
7698,"2"
7699,"9"
7700,"6"
7701,"2"
7702,"9"
7703,"2"
7704,"6"
7705,"8"
7706,"2"
7707,"3"
7708,"7"
7709,"3"
7710,"3"
7711,"9"
7712,"4"
7713,"5"
7714,"2"
7715,"8"
7716,"3"
7717,"4"
7718,"0"
7719,"7"
7720,"6"
7721,"3"
7722,"2"
7723,"9"
7724,"9"
7725,"5"
7726,"7"
7727,"3"
7728,"5"
7729,"7"
7730,"9"
7731,"0"
7732,"1"
7733,"5"
7734,"1"
7735,"2"
7736,"5"
7737,"8"
7738,"1"
7739,"9"
7740,"5"
7741,"1"
7742,"5"
7743,"7"
7744,"0"
7745,"9"
7746,"8"
7747,"6"
7748,"4"
7749,"3"
7750,"0"
7751,"9"
7752,"8"
7753,"0"
7754,"6"
7755,"3"
7756,"4"
7757,"1"
7758,"7"
7759,"4"
7760,"7"
7761,"3"
7762,"4"
7763,"8"
7764,"6"
7765,"9"
7766,"7"
7767,"2"
7768,"5"
7769,"5"
7770,"7"
7771,"8"
7772,"6"
7773,"2"
7774,"9"
7775,"3"
7776,"0"
7777,"4"
7778,"1"
7779,"4"
7780,"1"
7781,"8"
7782,"0"
7783,"8"
7784,"4"
7785,"8"
7786,"9"
7787,"2"
7788,"4"
7789,"6"
7790,"3"
7791,"5"
7792,"0"
7793,"9"
7794,"6"
7795,"6"
7796,"5"
7797,"4"
7798,"4"
7799,"3"
7800,"7"
7801,"7"
7802,"5"
7803,"7"
7804,"4"
7805,"7"
7806,"5"
7807,"4"
7808,"4"
7809,"9"
7810,"2"
7811,"3"
7812,"0"
7813,"0"
7814,"8"
7815,"6"
7816,"5"
7817,"8"
7818,"4"
7819,"5"
7820,"3"
7821,"8"
7822,"6"
7823,"9"
7824,"0"
7825,"1"
7826,"6"
7827,"8"
7828,"6"
7829,"1"
7830,"1"
7831,"9"
7832,"6"
7833,"0"
7834,"4"
7835,"6"
7836,"3"
7837,"9"
7838,"3"
7839,"9"
7840,"3"
7841,"8"
7842,"0"
7843,"8"
7844,"1"
7845,"3"
7846,"2"
7847,"4"
7848,"7"
7849,"4"
7850,"1"
7851,"4"
7852,"0"
7853,"7"
7854,"9"
7855,"5"
7856,"7"
7857,"4"
7858,"8"
7859,"8"
7860,"3"
7861,"2"
7862,"1"
7863,"9"
7864,"3"
7865,"4"
7866,"3"
7867,"9"
7868,"5"
7869,"4"
7870,"1"
7871,"7"
7872,"0"
7873,"4"
7874,"2"
7875,"3"
7876,"4"
7877,"0"
7878,"6"
7879,"9"
7880,"7"
7881,"6"
7882,"7"
7883,"7"
7884,"0"
7885,"9"
7886,"6"
7887,"1"
7888,"3"
7889,"8"
7890,"6"
7891,"7"
7892,"6"
7893,"6"
7894,"4"
7895,"9"
7896,"4"
7897,"7"
7898,"2"
7899,"6"
7900,"6"
7901,"9"
7902,"4"
7903,"1"
7904,"7"
7905,"7"
7906,"9"
7907,"7"
7908,"5"
7909,"0"
7910,"1"
7911,"0"
7912,"2"
7913,"8"
7914,"6"
7915,"6"
7916,"5"
7917,"7"
7918,"3"
7919,"3"
7920,"9"
7921,"8"
7922,"9"
7923,"3"
7924,"3"
7925,"3"
7926,"5"
7927,"2"
7928,"7"
7929,"7"
7930,"5"
7931,"0"
7932,"7"
7933,"9"
7934,"7"
7935,"5"
7936,"1"
7937,"8"
7938,"8"
7939,"4"
7940,"0"
7941,"3"
7942,"1"
7943,"7"
7944,"4"
7945,"0"
7946,"0"
7947,"1"
7948,"6"
7949,"1"
7950,"9"
7951,"9"
7952,"2"
7953,"4"
7954,"7"
7955,"8"
7956,"6"
7957,"9"
7958,"4"
7959,"0"
7960,"3"
7961,"4"
7962,"6"
7963,"3"
7964,"8"
7965,"7"
7966,"0"
7967,"1"
7968,"6"
7969,"2"
7970,"1"
7971,"7"
7972,"1"
7973,"2"
7974,"1"
7975,"6"
7976,"7"
7977,"2"
7978,"0"
7979,"6"
7980,"0"
7981,"9"
7982,"6"
7983,"1"
7984,"7"
7985,"0"
7986,"3"
7987,"7"
7988,"1"
7989,"0"
7990,"3"
7991,"1"
7992,"1"
7993,"7"
7994,"2"
7995,"2"
7996,"8"
7997,"0"
7998,"7"
7999,"7"
8000,"0"
8001,"6"
8002,"5"
8003,"4"
8004,"7"
8005,"4"
8006,"4"
8007,"3"
8008,"6"
8009,"6"
8010,"6"
8011,"9"
8012,"0"
8013,"1"
8014,"9"
8015,"9"
8016,"3"
8017,"3"
8018,"6"
8019,"8"
8020,"7"
8021,"3"
8022,"3"
8023,"6"
8024,"1"
8025,"2"
8026,"9"
8027,"9"
8028,"8"
8029,"4"
8030,"0"
8031,"5"
8032,"1"
8033,"8"
8034,"5"
8035,"1"
8036,"0"
8037,"4"
8038,"4"
8039,"4"
8040,"8"
8041,"7"
8042,"5"
8043,"1"
8044,"1"
8045,"4"
8046,"6"
8047,"3"
8048,"6"
8049,"4"
8050,"5"
8051,"2"
8052,"9"
8053,"9"
8054,"2"
8055,"1"
8056,"9"
8057,"4"
8058,"6"
8059,"0"
8060,"2"
8061,"1"
8062,"8"
8063,"5"
8064,"8"
8065,"7"
8066,"6"
8067,"0"
8068,"3"
8069,"9"
8070,"3"
8071,"6"
8072,"4"
8073,"7"
8074,"4"
8075,"1"
8076,"2"
8077,"4"
8078,"7"
8079,"4"
8080,"1"
8081,"6"
8082,"1"
8083,"6"
8084,"5"
8085,"5"
8086,"0"
8087,"1"
8088,"4"
8089,"5"
8090,"8"
8091,"3"
8092,"1"
8093,"7"
8094,"6"
8095,"6"
8096,"9"
8097,"6"
8098,"3"
8099,"5"
8100,"6"
8101,"9"
8102,"4"
8103,"5"
8104,"9"
8105,"6"
8106,"4"
8107,"1"
8108,"4"
8109,"9"
8110,"4"
8111,"3"
8112,"4"
8113,"4"
8114,"9"
8115,"2"
8116,"6"
8117,"4"
8118,"2"
8119,"9"
8120,"9"
8121,"2"
8122,"6"
8123,"4"
8124,"1"
8125,"8"
8126,"8"
8127,"9"
8128,"2"
8129,"0"
8130,"5"
8131,"3"
8132,"2"
8133,"5"
8134,"3"
8135,"9"
8136,"4"
8137,"4"
8138,"2"
8139,"4"
8140,"2"
8141,"1"
8142,"7"
8143,"8"
8144,"1"
8145,"1"
8146,"6"
8147,"7"
8148,"2"
8149,"2"
8150,"1"
8151,"7"
8152,"0"
8153,"5"
8154,"0"
8155,"7"
8156,"0"
8157,"3"
8158,"0"
8159,"2"
8160,"2"
8161,"7"
8162,"1"
8163,"2"
8164,"6"
8165,"4"
8166,"0"
8167,"6"
8168,"5"
8169,"3"
8170,"7"
8171,"3"
8172,"0"
8173,"5"
8174,"1"
8175,"1"
8176,"4"
8177,"5"
8178,"4"
8179,"0"
8180,"6"
8181,"5"
8182,"7"
8183,"3"
8184,"7"
8185,"8"
8186,"7"
8187,"2"
8188,"1"
8189,"7"
8190,"3"
8191,"4"
8192,"1"
8193,"1"
8194,"4"
8195,"7"
8196,"1"
8197,"2"
8198,"9"
8199,"1"
8200,"9"
8201,"6"
8202,"5"
8203,"7"
8204,"9"
8205,"0"
8206,"7"
8207,"7"
8208,"4"
8209,"1"
8210,"0"
8211,"3"
8212,"2"
8213,"9"
8214,"0"
8215,"0"
8216,"1"
8217,"0"
8218,"5"
8219,"7"
8220,"1"
8221,"4"
8222,"4"
8223,"7"
8224,"6"
8225,"2"
8226,"5"
8227,"8"
8228,"2"
8229,"2"
8230,"8"
8231,"7"
8232,"6"
8233,"0"
8234,"0"
8235,"0"
8236,"3"
8237,"1"
8238,"6"
8239,"6"
8240,"2"
8241,"6"
8242,"7"
8243,"3"
8244,"9"
8245,"1"
8246,"2"
8247,"0"
8248,"3"
8249,"6"
8250,"7"
8251,"8"
8252,"2"
8253,"1"
8254,"3"
8255,"7"
8256,"7"
8257,"6"
8258,"1"
8259,"4"
8260,"4"
8261,"4"
8262,"5"
8263,"2"
8264,"2"
8265,"8"
8266,"1"
8267,"0"
8268,"1"
8269,"1"
8270,"0"
8271,"0"
8272,"5"
8273,"8"
8274,"5"
8275,"1"
8276,"2"
8277,"4"
8278,"1"
8279,"9"
8280,"8"
8281,"4"
8282,"0"
8283,"4"
8284,"0"
8285,"1"
8286,"5"
8287,"1"
8288,"0"
8289,"0"
8290,"9"
8291,"3"
8292,"9"
8293,"4"
8294,"3"
8295,"7"
8296,"8"
8297,"1"
8298,"7"
8299,"3"
8300,"4"
8301,"5"
8302,"6"
8303,"9"
8304,"4"
8305,"1"
8306,"1"
8307,"9"
8308,"6"
8309,"7"
8310,"8"
8311,"1"
8312,"2"
8313,"0"
8314,"9"
8315,"5"
8316,"0"
8317,"8"
8318,"7"
8319,"7"
8320,"3"
8321,"9"
8322,"4"
8323,"1"
8324,"9"
8325,"9"
8326,"1"
8327,"3"
8328,"0"
8329,"8"
8330,"2"
8331,"9"
8332,"0"
8333,"0"
8334,"8"
8335,"6"
8336,"0"
8337,"3"
8338,"3"
8339,"4"
8340,"3"
8341,"0"
8342,"1"
8343,"7"
8344,"1"
8345,"1"
8346,"3"
8347,"3"
8348,"3"
8349,"0"
8350,"6"
8351,"3"
8352,"7"
8353,"9"
8354,"0"
8355,"7"
8356,"2"
8357,"6"
8358,"8"
8359,"6"
8360,"1"
8361,"0"
8362,"5"
8363,"8"
8364,"8"
8365,"4"
8366,"7"
8367,"0"
8368,"7"
8369,"9"
8370,"3"
8371,"3"
8372,"1"
8373,"4"
8374,"0"
8375,"4"
8376,"8"
8377,"6"
8378,"8"
8379,"8"
8380,"8"
8381,"1"
8382,"2"
8383,"1"
8384,"4"
8385,"4"
8386,"1"
8387,"4"
8388,"9"
8389,"8"
8390,"0"
8391,"4"
8392,"7"
8393,"2"
8394,"0"
8395,"5"
8396,"3"
8397,"6"
8398,"7"
